Timestamp,Applicant ID,College of study (Current or Last attended as applicable),Year of Study in College,Degree of Study (Current or Highest as applicable),Enrolled ,Your Home Town City,HomeTown Pincode ,Branch of Study  (Current or Latest as applicable),I am an Aspiring ,Preferred Mode of Internship,Referral Source,When will/did you graduate?,Your CTC Aspiration (Desired Package in Data Science),Year of Birth,Is Internship Compulsory in your college,Previous Data Science/ Analytics Internship Experience (Mention Organization name If Applicable),Last class Percentage,"Do you have any certifications in Data Science and Analytics? If yes, please mention",,I attended the webinar,
6/12/2024 9:32:37,1,Current ,4,BTech,,"Palwal, Haryana ",121102,CS/IT,Data Analyst,Online,,,,,,,,,,,
6/12/2024 9:33:20,2,Centurion University of Technology and Management ,4,BTech,,Muzaffarpur,842001,CS/IT,Data Scientist,Offline,,,,,,,,,,,
6/12/2024 9:33:21,3,NIT Durgapur,3,BTech,,Nerpersopant ,445102,Biotechnology ,Data Analyst,Offline,,,,,,,,,,,
6/12/2024 9:33:57,4,RJIT,3,BTech,,Gwalior,475005,CS/IT,Not Decided Yet,Offline,,,,,,,,,,,
6/12/2024 9:34:06,5,Arya college of engineering ,4,BTech,,Delhi,110059,Electronics and communication engineering,Data Analyst,Online,,,,,,,,,,,
6/12/2024 9:34:18,6,Bs anagpuria ,College Pass out,BCA,,Faridabad ,121004,Related to Data Science,Data Scientist,Online,,,,,,,,,,,
6/12/2024 9:34:21,7,Guru nanak dev university ,3,BCA,,Amritsar ,143001,CS/IT,Data Scientist,Online,,,,,,,,,,,
6/12/2024 9:34:21,8,JNV University ,College Pass out,Bsc Mathematics ,,Pali Rajasthan ,306104,Mathematics ,Data Analyst,Online,,,,,,,,,,,
6/12/2024 9:34:37,9,Sri Siddhartha Institute Technology,College Pass out,BTech,,Tumkur,572102,CS/IT,Data Scientist,Online,,,,,,,,,,,
6/12/2024 9:34:37,10,"Bharati Vidyapeeth's College of Engineering, Kolhapur ",3,BTech,,Kolhapur ,416013,CS/IT,Data Scientist,Online,,,,,,,,,,,
6/12/2024 9:34:43,11,Government engineering College ajmer ,College Pass out,BTech,,Ajmer,305001,CS/IT,Data Scientist,Online,,,,,,,,,,,
6/12/2024 9:35:35,12,IIT Delhi ,3,BTech,,"Begusarai, Bihar ",848202,Textile technology ,Data Scientist,Online,,,,,,,,,,,
6/12/2024 9:35:37,13,7th sem,4,BTech,,Ahmedabad 380061,380061,CS/IT,Data Scientist,Online,,,,,,,,,,,
6/12/2024 9:35:39,14,Bonam venkata chalamayya engineering college,3,BTech,,Rameswaram,533251,Related to Data Science,Data Analyst,Online,,,,,,,,,,,
6/12/2024 9:36:07,15,Gates institute of technology ,4,BTech,,Roddam ,515123,Related to Data Science,Data Analyst,Online,,,,,,,,,,,
6/12/2024 9:36:13,16,Babasaheb Bhimrao Ambedkar University ,College Pass out,M.sc statistics,,Dharuhera Haryana,123106,Related to Data Science,Data Analyst,Online,,,,,,,,,,,
6/12/2024 9:36:47,17,"MBM University, Jodhpur ",College Pass out,B.E.,Yes,Jodhpur ,342001,EEE,Data Analyst,Online,,,,,,,,,,,
6/12/2024 9:36:59,18,Centurion University of Technology and management ,4,BTech,,Sonpur,841217,Related to Data Science,Data Analyst,Offline,,,,,,,,,,,
6/12/2024 9:36:59,19,Computer science ,College Pass out,MCA,,Jaipur ,302021,CS/IT,Data Analyst,Online,,,,,,,,,,,
6/12/2024 9:37:05,20,Sushila devi Bansal college of engineering ,College Pass out,BTech,,Indore,452014,CS/IT,Data Scientist,Online,,,,,,,,,,,
6/12/2024 9:37:16,21,Jaipurnationaluniversity ,3,BTech,,Jaipur,302017,CS/IT,Data Scientist,Online,,,,,,,,,,,
6/12/2024 9:39:10,22,"Maharshi Dayanand Saraswati University, Ajmer ",College Pass out,B.Sc,,Badu,341501,Mathematics ,Data Analyst,Offline,,,,,,,,,,,
6/12/2024 9:39:14,23,Cdac-( centre for Development of advance computing),1,BTech,,Mumbai ,400065,Related to Data Science,Data Analyst,Offline,,,,,,,,,,,
6/12/2024 9:39:25,24,Current,1,MCA,,Pune,411035,CS/IT,Data Analyst,Online,,,,,,,,,,,
6/12/2024 9:39:54,25,JECRC University ,4,BTech,,Jaipur ,303905,CS/IT,Business Analyst,Online,,,,,,,,,,,
6/12/2024 9:39:57,26,Shri Vishnu engineering College for women ,4,BTech,,Amalapuram,533201,CS/IT,Data Scientist,Offline,,,,,,,,,,,
6/12/2024 9:40:36,27,JECRC University ,4,Hospitality,,Jaipur,302017,Non It,Data Analyst,Online,,,,,,,,,,,
6/12/2024 9:40:45,28,G.H.Raisoni College of Engineering Nagpur ,4,BTech,,Shahapur Bhandara ,441906,CS/IT,Data Analyst,Online,,,,,,,,,,,
6/12/2024 9:40:58,29,Dwarkadas J. Sanghvi College of Engineering,3,BTech,,Mumbai,400065,CS/IT,Data Scientist,Online,,,,,,,,,,,
6/12/2024 9:40:59,30,Arya college of engineering ,College Pass out,BTech,,Jaipur,302039,CS/IT,Data Analyst,Online,,,,,,,,,,,
6/12/2024 9:41:13,31,"MBM University, Jodhpur ",2,B.E.,,Jodhpur ,301713,Related to Data Science,Data Analyst,Online,,,,,,,,,,,
6/12/2024 9:42:01,32,M.Sc,College Pass out,M.Sc,,Ghazipur Uttar Pradesh ,275202,Chemistry ,Data Analyst,Offline,,,,,,,,,,,
6/12/2024 9:42:53,33,NIT Warangal ,College Pass out,BTech,,Nalgonda,508001,Civil ,Data Scientist,Offline,,,,,,,,,,,
6/12/2024 9:43:03,34,"MBM University, Jodhpur ",4,B.E,,Alwar,301001,CS/IT,Data Scientist,Offline,,,,,,,,,,,
6/12/2024 9:43:07,35,"MBM University, Jodhpur ",2,BTech,,Alwar,301001,Related to Data Science,Data Scientist,Online,,,,,,,,,,,
6/12/2024 9:43:15,36,Madhav Institute of Technology and Science Gwalior ,3,BTech,,Sihora,483225,IT ( Artificial Intelligence and Robotics),Data Scientist,Online,,,,,,,,,,,
6/12/2024 9:45:43,37,Csjm university ,3,BTech,,Gorakhpur,2,Related to Data Science,Data Analyst,Online,,,,,,,,,,,
6/12/2024 9:46:19,38,"SKIT, Jaipur",3,BTech,,Jaipur ,302012,Related to Data Science,Data Scientist,Online,,,,,,,,,,,
6/12/2024 9:46:43,39,Pranveer Singh institute of technology,4,BTech,,kanpur,208001,CS/IT,Data Analyst,Online,,,,,,,,,,,
6/12/2024 9:46:52,40,NIT Delhi,2,MTech,,Delhi,110040,CS/IT,Data Scientist,Online,,,,,,,,,,,
6/12/2024 9:47:09,41,Integral University,College Pass out,BTech,,Lucknow,22600,CS/IT,Data Analyst,Online,,,,,,,,,,,
6/12/2024 9:47:33,42,"MBM University, Jodhpur ",2,BTech,,Udaipur,313001,CS/IT,Data Analyst,Offline,,,,,,,,,,,
6/12/2024 9:47:45,43,NIT Delhi,4,BTech,Yes,Sitamarhi ,843117,Electronics and communication ,Data Analyst,Online,,,,,,,,,,,
6/12/2024 9:48:33,44,Niftem ,1,Mba,,Delhi,110091,Related to Data Science,Business Analyst,Online,,,,,,,,,,,
6/12/2024 9:49:54,45,"Maharishi Arvind Institude of Science and Management, Jaipur",3,BCA,,JAIPUR,302012,CS/IT,Data Analyst,Offline,,,,,,,,,,,
6/12/2024 9:50:45,46,Chandigarh University ,1,MBA,,Narnaul ,123001,Related to Data Science,Data Scientist,Online,,,,,,,,,,,
6/12/2024 9:50:46,47,"Government College of engineering,karad",4,BTech,,"Akole, ahmednagar, Maharashtra ",422610,CS/IT,Data Scientist,Online,,,,,,,,,,,
6/12/2024 9:55:33,48,LNCT UNIVERSITY ,College Pass out,BTech,,Parsabad ,825318,CS/IT,Data Analyst,Online,,,,,,,,,,,
6/12/2024 9:57:10,49,"MBM University, Jodhpur ",2,BTech,,Manohar thana,326037,CS/IT,Web development ,Online,,,,,,,,,,,
6/12/2024 9:57:29,50,ECE ,College Pass out,BTech,,Haldwani ,263139,Ece,Data Analyst,Online,,,,,,,,,,,
6/12/2024 9:57:41,51,Swarandhra college of engineering and technology ,College Pass out,BTech,,Tanuku,534211,ECE,Data Scientist,Online,,,,,,,,,,,
6/12/2024 9:59:03,52,JECRC University ,2,MCA,,Jaipur,302021,CS/IT,Data Analyst,Online,,,,,,,,,,,
6/12/2024 9:59:43,53,Amity University Noida,2,MTech,,Faridabad,121004,CS/IT,Data Scientist,Online,,,,,,,,,,,
6/12/2024 10:00:02,54,"The American College, Madurai ",College Pass out,MCA,,Srivilliputhur ,626125,CS/IT,Data Analyst,Online,,,,,,,,,,,
6/12/2024 10:02:55,55,Velagapudi Ramakrishna Siddhartha Engineering College,4,BTech,,Vijayawada,521151,Related to Data Science,Data Scientist,Offline,,,,,,,,,,,
6/12/2024 10:03:08,56,Bishop Heber College,College Pass out,M.Sc,,Tiruchirappalli,621005,Related to Data Science,Data Scientist,Offline,,,,,,,,,,,
6/12/2024 10:03:22,57,Shri Vile Parle Kelvani Mandal's Institute of Technology Dhule,4,BTech,,Dhule,424002,CS/IT,Data Scientist,Online,,,,,,,,,,,
6/12/2024 10:06:23,58,Chandigarh engineering college,College Pass out,BTech,,Zirakpur,140603,CS/IT,Data Analyst,Offline,,,,,,,,,,,
6/12/2024 10:07:05,59,"SRMS CET&R, Bareilly ",3,BTech,,"Munger, Bihar",678823,CS/IT,Data Analyst,Online,,,,,,,,,,,
6/12/2024 10:07:51,60,Arya college of engineering ,College Pass out,BTech,,Mathura ,281123,CS/IT,Data Scientist,Online,,,,,,,,,,,
6/12/2024 10:09:07,61,Sinhgad Institute of Management ,College Pass out,MCA,,Pune,411041,CS/IT,Data Scientist,Online,,,,,,,,,,,
6/12/2024 10:10:34,62,B. Com,College Pass out,B. Com,,Solapur,413005,Accounts,Data Analyst,Online,,,,,,,,,,,
6/12/2024 10:11:07,63,"Pucsd,Pune University",College Pass out,Msc cs,,Nashik ,422401,CS/IT,Data Scientist,Offline,,,,,,,,,,,
6/12/2024 10:11:27,64,ADICHUNCHANAGIRI INSTITUTE OF TECHNOLOGY CHIKMAGALUR ,4,BTech,,Chikmagalur Karnataka ,577102,Civil Engineering ,Data Scientist,Online,,,,,,,,,,,
6/12/2024 10:14:21,65,Rani Durgawati Vishwavidyalaya,College Pass out,M.Sc. ,,Katni,483504,Mathematics ,Data Analyst,Offline,,,,,,,,,,,
6/12/2024 10:15:08,66,"Engineering college, barmer ",1,BTech,,BARAUNI ,851112,Petroleum branch ,Data Analyst,Online,,,,,,,,,,,
6/12/2024 10:16:17,67,UIT - RGPV,College Pass out,BTech,,Bhopal,462023,Related to Data Science,Data Analyst,Online,,,,,,,,,,,
6/12/2024 10:18:05,68,Banasthali vidyapith ,2,BTech,,East champaran,845401,Mechatronics ,Data Scientist,Online,,,,,,,,,,,
6/12/2024 10:18:24,69,Suresh Gyan vihar University Jaipur ,College Pass out,BCA,,Jaipur ,303905,CS/IT,Data Scientist,Online,,,,,,,,,,,
6/12/2024 10:22:05,70,Arya college of engineering ,3,BTech,,"Pilibanga, Hanumangarh , Rajasthan ",335803,Artificial intelligence and data science ,Data Scientist,Online,,,,,,,,,,,
6/12/2024 10:22:28,71,"MBM University, Jodhpur ",3,BTech,,BHIM RAJSMAND,313331,CS/IT,Data Analyst,Online,,,,,,,,,,,
6/12/2024 10:24:10,72,JECRC University ,4,BTech,,"Faridabad, Haryana",121003,CS/IT,Data Scientist,Online,,,,,,,,,,,
6/12/2024 10:26:57,73,Devi Ahiliya Vishwavidyalaya,College Pass out,Mcom,,Indore,452010,"Accounting ,Taxation",Data Analyst,Online,,,,,,,,,,,
6/12/2024 10:33:45,74,Rajarshi shahu institute of management Aurangabad ,2,MCA,,Aurangabad Maharashtra ,431001,CS/IT,Data Scientist,Online,,,,,,,,,,,
6/12/2024 10:33:59,75,"RIET, Jaipur",3,BTech,,"Bihita, Patna",801103,CS/IT,Data Analyst,Online,,,,,,,,,,,
6/12/2024 10:36:52,76,Computer science ,College Pass out,Bsc,,Indore,452001,Related to Data Science,Data Scientist,Online,,,,,,,,,,,
6/12/2024 10:40:24,77,Aditya Engineering College ,2,BTech,,Aurangabad,431001,CS/IT,Data Scientist,Online,,,,,,,,,,,
6/12/2024 10:40:39,78,"RIET, Jaipur",2,BTech,,Jaipur ,302026,CS/IT,Web developer,Online,,,,,,,,,,,
6/12/2024 10:42:05,79,Pune Institute of Computer Technology ,2,BTech,,Nashik,422305,CS/IT,Data Scientist,Online,,,,,,,,,,,
6/12/2024 10:45:55,80,Zakir Husain Delhi college ,1,Bcom,,Asola Fatehpur beri new delhi ,110074,"Related to commerce, but highly interested in this.",Data Analyst,Offline,,,,,,,,,,,
6/12/2024 10:45:57,81,"MBM University, Jodhpur ",2,BTech,,Jodhpur,342011,CS/IT,Not Decided Yet,Online,,,,,,,,,,,
6/12/2024 10:50:14,82,Hyderabad institute of technology and management ,3,BTech,,Hyderabad ,500074,ECE,Data Analyst,Online,,,,,,,,,,,
6/12/2024 10:57:25,83,Madhav Institute of Technology and Science ,4,BTech,,Indore,452005,Related to Data Science,Data Scientist,Online,,,,,,,,,,,
6/12/2024 10:58:48,84,Sanjivani College of Engineering ,4,BTech,,Kopargaon ,423601,Mechatronics ,Data Analyst,Online,,,,,,,,,,,
6/12/2024 11:04:22,85,EEE ,4,BTech,,Mahabub nagar ,509371,Related to Data Science,I want learning this course ,Online,,,,,,,,,,,
6/12/2024 11:05:54,86,"MBM University, Jodhpur ",2,BTech,,jodhpur,342011,Related to Data Science,Data Scientist,Online,,,,,,,,,,,
6/12/2024 11:13:50,87,"SKIT, Jaipur",2,BTech,,Bhubaneswar ,751017,CS/IT,Data Analyst,Offline,,,,,,,,,,,
6/12/2024 11:15:14,88,Engineering College Ajmer,College Pass out,BTech,,Ajmer,305001,CS/IT,Data Analyst,Offline,,,,,,,,,,,
6/12/2024 11:15:35,89,The northcap University ,4,BTech,,Gurugram ,122001,CS/IT,Data Analyst,Online,,,,,,,,,,,
6/12/2024 11:16:44,90,Netaji Subhas University Of Technology,College Pass out,BTech,,Jaipur,302012,Mechanical Engineering,Data Analyst,Online,,,,,,,,,,,
6/12/2024 11:17:50,91,  ,2,B.E,,Gangapur City,322219,Electronics and computer Engineering ,Data Scientist,Online,,,,,,,,,,,
6/12/2024 11:17:51,92,Government engineering College ajmer ,3,BTech,, Ajmer,305001,CS/IT,Data Scientist,Online,,,,,,,,,,,
6/12/2024 11:20:13,93,New L J Institute of Engineering & Technology,3,BE,,Ahmedabad City,382350,CSE (AIML),Data Scientist,Online,,,,,,,,,,,
6/12/2024 11:20:39,94,"MBM University, Jodhpur ",3,BTech,Yes,Jaipur ,302018,Related to Data Science,Data Analyst,Offline,,,,,,,,,,,
6/12/2024 11:21:24,95,JECRC Foundation,3,BTech,,Jaipur ,302033,CS/IT,Data Analyst,Online,,,,,,,,,,,
6/12/2024 11:26:44,96,Government engineering College ajmer ,3,BTech,,"Mandawar, Dausa rajasthan ",321609,CS/IT,Machine learning ,Online,,,,,,,,,,,
6/12/2024 11:33:05,97,Computer science ,3,BTech,,Ajmer ,305001,CS/IT,Data Scientist,Online,,,,,,,,,,,
6/12/2024 11:35:50,98,Gandhi institute of technology and management - GITAM ,College Pass out,Msc. Data Science ,,Visakhapatnam ,531173,Related to Data Science,Data Analyst,Online,,,,,,,,,,,
6/12/2024 11:36:05,99,Birla Institute of Technology mesra,College Pass out,Integrated M.Sc,,Khunti,835210,Math and Computing,Data Scientist,Online,,,,,,,,,,,
6/12/2024 11:37:50,100,"GITS, Udaipur ",2,MCA,,Udaipur ,313002,Related to Data Science,Data Scientist,Online,,,,,,,,,,,
6/12/2024 11:38:57,101,Dy patil international university ,2,MCA,,Jaipur ,302039,Related to Data Science,Data Analyst,Offline,,,,,,,,,,,
6/12/2024 11:39:06,102,Vignan institute of information technology ,4,BTech,,Visakhapatnam,530046,CS/IT,Data Analyst,Online,,,,,,,,,,,
6/12/2024 11:42:32,103,Poddar International College ,College Pass out,MCA,,Udaipur ,313205,CS/IT,Data Scientist,Online,,,,,,,,,,,
6/12/2024 11:49:41,104,JECRC Foundation,3,BTech,,"Jaipur, Rajasthan",302022,Related to Data Science,Data Scientist,Online,,,,,,,,,,,
6/12/2024 12:07:36,105,Amity University Rajasthan,2,M.Sc.,,Jaisalmer,345001,Related to Data Science,Data Analyst,Online,,,,,,,,,,,
6/12/2024 12:09:49,106,Kumoun University Nainital ,College Pass out,BSC (pcm),,Almora Uttrakhand ,263652,Pcm,Data Scientist,Online,,,,,,,,,,,
6/12/2024 12:17:21,107,MCA,1,MCA,,Pune,415110,Artificial intelligence,Data Scientist,Online,,,,,,,,,,,
6/12/2024 12:17:50,108,Hindustan University ,College Pass out,BTech,Yes,Asansol,713304,Aerospace,Data Scientist,Online,,,,,,,,,,,
6/12/2024 12:24:43,109,"SKIT, Jaipur",2,BTech,,Gangapur city,322201,CSE(AI),Data Scientist,Offline,,,,,,,,,,,
6/12/2024 12:26:31,110,Poornima College of Engineering ,3,BTech,,Jaipur ,302016,CS/IT,Data Analyst,Offline,,,,,,,,,,,
6/12/2024 12:27:57,111,NIT Durgapur,4,BTech,,Patna,800029,Mechanical Engineering ,Data Scientist,Online,,,,,,,,,,,
6/12/2024 12:29:27,112,D Y Patil International University ,College Pass out,BCA,,"Majalgaon,Beed",431131,CS/IT,Cloud computing ,Online,,,,,,,,,,,
6/12/2024 12:32:42,113,Manipal University Jaipur,4,BTech,,Jammu,180004,CS/IT,Data Analyst,Online,,,,,,,,,,,
6/12/2024 12:39:50,114,"SKIT, Jaipur",3,BTech,,Jaipur ,302012,CS/IT,Not Decided Yet,Online,,,,,,,,,,,
6/12/2024 12:48:08,115,Computer science ,4,BTech,,Neemrana ,301714,CS/IT,Not Decided Yet,Online,,,,,,,,,,,
6/12/2024 13:01:48,116,"Aryan College, Ajmer",College Pass out,BCA,,KIshangarh,305801,CS/IT,Data Scientist,Online,,,,,,,,,,,
6/12/2024 13:03:28,117,Aggarwal College Ballabgarh,2,Ma Economics,,"Ballabgarh, Faridabad",121004,Masters in Eco,Data Analyst,Online,,,,,,,,,,,
6/12/2024 13:07:15,118,Poornima College of Engineering ,College Pass out,BTech,,Barmer ,344001,Electrical ,Data Analyst,Online,,,,,,,,,,,
6/12/2024 13:23:37,119,Noida institute of engineering and technology ,College Pass out,BTech,Yes,Meerut,250002,Mechanical Engineering ,Data Scientist,Offline,,,,,,,,,,,
6/12/2024 13:28:55,120,Arya college of engineering ,College Pass out,BTech,,Jaipur,302021,CS/IT,Data Scientist,Offline,,,,,,,,,,,
6/12/2024 13:42:38,121,NIT Jaipur,4,BTech,,Jaipur,302017,CS/IT,Data Scientist,Offline,,,,,,,,,,,
6/12/2024 13:42:53,122,Gitam university,College Pass out,Msc - Data Science,,Hyderabad,500055,Related to Data Science,Data Scientist,Online,,,,,,,,,,,
6/12/2024 13:43:56,123,Current,1,MSc,,Mumbai,400055,Related to Data Science,Data Analyst,Offline,,,,,,,,,,,
6/12/2024 13:47:04,124,Bcom Computer Application,3,B.com Computer Application,,Hyderabad,500058,Computer Application,Data Analyst,Online,,,,,,,,,,,
6/12/2024 13:55:57,125,Uttaranchal university,1,MBA,,Dehradun,248001,Related to Data Science,Data Analyst,Online,,,,,,,,,,,
6/12/2024 13:56:38,126,Teerthanker Mahaveer University ,3,BTech,,Chandpur ,246725,Related to Data Science,Data Analyst,Offline,,,,,,,,,,,
6/12/2024 14:04:46,127,Chandigarh university ,1,MCA,,Faridabad,121004,Related to Data Science,Data Scientist,Offline,,,,,,,,,,,
6/12/2024 14:11:17,128,Apex University,3,BCA,,Jaipur,302016,Related to Data Science,Data Scientist,Offline,,,,,,,,,,,
6/12/2024 14:12:23,129,United college of engineering and research,College Pass out,BTech,,PRAYAGRAJ (ALLAHABAD),211019,Production engineering,Data Scientist,Online,,,,,,,,,,,
6/12/2024 14:21:46,130,Christ University ,College Pass out,MSc. Data science ,,"Saligão, Goa",403511,Related to Data Science,Data Scientist,Online,,,,,,,,,,,
6/12/2024 14:23:32,131,MBA,College Pass out,MBA,,Mumbai,204301,Management,Data Analyst,Online,,,,,,,,,,,
6/12/2024 14:26:55,132,ST. Martin's Engineering College ,College Pass out,BTech,,Medak,502271,CS/IT,Data Analyst,Online,,,,,,,,,,,
6/12/2024 14:29:21,133,Passout ,College Pass out,BTech,,Pune,4122,CS/IT,Data Analyst,Offline,,,,,,,,,,,
6/12/2024 14:33:43,134,Computer science ,3,BCA,,JAIPUR,3020,Related to Data Science,Data Scientist,Offline,,,,,,,,,,,
6/12/2024 14:40:58,135,"Oriental Institute of Science and Technology, Bhopal",4,BTech,,Hoshangabad ,461001,Related to Data Science,Data Analyst,Online,,,,,,,,,,,
6/12/2024 14:44:18,136,"Oriental Institute of Science and Technology, Bhopal",3,BTech,,Bhopal,462003,Related to Data Science,Data Scientist,Online,,,,,,,,,,,
6/12/2024 14:56:37,137,Manipal University Jaipur,3,B.B.A,,Satna,485001,Business administration ,Data Scientist,Online,,,,,,,,,,,
6/12/2024 14:57:41,138,Amrita Vishwa Vidyapeetham,3,Integrated MSc,,Coimbatore,641022,Related to Data Science,Not Decided Yet,Online,,,,,,,,,,,
6/12/2024 15:26:02,139,"MBM University, Jodhpur ",3,BTech,,Jodhpur,342011,ECC,Not Decided Yet,Online,,,,,,,,,,,
6/12/2024 15:38:05,140,Malla Reddy College of Engineering ,College Pass out,BTech,,Sullurpet ,524121,CS/IT,Not Decided Yet,Online,,,,,,,,,,,
6/12/2024 15:51:16,141,VIT AP,College Pass out,BTech,,Addanki,523201,CS/IT,Data Analyst,Online,,,,,,,,,,,
6/12/2024 16:28:51,142,Bharati Vidyapeeth college of engineering - Btech (ECE),4,BTech,,Himachal Pradesh ( Sujanpur Tira),176109,Electronics and communication engineering ,Data Scientist,Online,,,,,,,,,,,
6/12/2024 16:37:23,143,Suresh Gyan vihar University Jaipur ,4,BTech,,Darbhanga Bihar ,846004,Related to Data Science,Data Analyst,Online,,,,,,,,,,,
6/12/2024 16:46:49,144,Medicaps University ,4,BTech,,Indore,452012,CS/IT,Data Analyst,Offline,,,,,,,,,,,
6/12/2024 16:56:24,145,"Engineering College, Barmer ",3,BTech,,Barmer,344001,CS/IT,Data Analyst,Online,,,,,,,,,,,
6/12/2024 17:06:57,146,"Maharishi Arvind Institude of Science and Management, Jaipur",2,BCA,,Jaipur ,302012,Related to Data Science,Data Analyst,Online,,,,,,,,,,,
6/12/2024 17:26:45,147,The ICFAI University ,3,BCA,,Jaipur,302012,Related to Data Science,Data Scientist,Online,,,,,,,,,,,
6/12/2024 18:05:46,148,Manipal University Jaipur,4,BTech,,Muzaffarnagar,251001,CS/IT,Data Scientist,Online,,,,,,,,,,,
6/12/2024 18:19:48,149,"Madras Institute of Technology, Anna University",4,BTech,,Nellore,524344,Electronics and Communication Engineering,Data Scientist,Online,,,,,,,,,,,
6/12/2024 18:35:16,150,Osmania University,College Pass out,Bsc,,Hyderabad,500049,Related to Data Science,Data Analyst,Offline,,,,,,,,,,,
6/12/2024 19:58:47,151,Maulana Azad National Institute of Technology (NIT-Bhopal),4,BTech,,Rajkot,360410,Related to Data Science,Data Scientist,Online,,,,,,,,,,,
6/12/2024 20:34:53,152,Sri Siddartha Institute of technology ,College Pass out,BTech,,Tumkur ,572102,CS/IT,Data Analyst,Online,,,,,,,,,,,
6/12/2024 20:35:50,153,vips,3,BTech,,delhi,110009,Related to Data Science,Data Analyst,Online,,,,,,,,,,,
6/12/2024 20:56:48,154,School of Data science and forecasting Davv Indore ,College Pass out,Msc,,Indore ,452001,Related to Data Science,Data Scientist,Online,,,,,,,,,,,
6/12/2024 21:26:23,155,IIT Delhi,College Pass out,MSc,,Bangalore,560016,Mathematics,Data Scientist,Online,,,,,,,,,,,
6/13/2024 0:34:05,156,"MBM University, Jodhpur ",3,BTech,,Jodhpur,342005,Electronics & Communications,Data Analyst,Online,,,,,,,,,,,
6/13/2024 5:52:59,157,"MBM University, Jodhpur ",2,BTech,,Sawai madhopur,322001,CS/IT,Data Scientist,Online,,,,,,,,,,,
6/13/2024 10:51:56,158,JECRC University ,3,BCA,,Jaipur,302039,CS/IT,Data Analyst,Online,,,,,,,,,,,
6/13/2024 13:23:10,159,"Dev Sanskriti Vishwavidyalaya, Haridwar ",2,MCA,,Haridwar,249410,Related to Data Science,Data Analyst,Online,,,,,,,,,,,
6/13/2024 17:29:57,160,"MBM University, Jodhpur ",2,BE,,Hanumangarh,335513,CS/IT,Data Analyst,Online,,,,,,,,,,,
6/13/2024 17:30:12,161,Engineering college ajmer ,3,BTech,,Ajmer ,30500,CS/IT,Data Scientist,Offline,,,,,,,,,,,
6/13/2024 17:54:47,162,"MBM University, Jodhpur ",2,BTech,,Hanumangarh,335513,CS/IT,Not Decided Yet,Offline,,,,,,,,,,,
6/13/2024 17:58:33,163,"MBM University, Jodhpur ",3,BTech,,Ajmer,305001,CS/IT,Data Scientist,Online,,,,,,,,,,,
6/13/2024 18:20:24,164,"MBM University, Jodhpur ",2,B.E.,,"Kishangarh , Ajmer",305802,CS/IT,Data Scientist,Online,,,,,,,,,,,
6/14/2024 11:33:32,165,Devi Ahilya Vishwavidhyalaya,4,BTech,,Indore,452001,CS/IT,Data Scientist,Online,,,,,,,,,,,
6/15/2024 6:01:20,166,Gitam University,2,MTech,,Hyderabad,502324,CS/IT,Data Analyst,Online,,,,,,,,,,,
6/17/2024 22:33:33,167,Pune Vidyarthi Griha's College of Engineering and Technology ,4,BCA,,Pune ,411038,CS/IT,Data Scientist,Online,,,,,,,,,,,
6/17/2024 22:34:12,168,Sir Syed College ,College Pass out,Bsc,,Kannur ,670581,Statistics ,Data Analyst,Online,,,,,,,,,,,
6/17/2024 22:34:23,169,2023,College Pass out,BSC,,Ambarnath(w),421502,CS/IT,Data Scientist,Online,,,,,,,,,,,
6/17/2024 22:34:28,170,"SRM UNIVERSITY,Sonepat,Haryana",College Pass out,BTech,,New Delhi ,110089,CS/IT,Data Scientist,Online,,,,,,,,,,,
6/17/2024 22:35:30,171,Jaypee University of Information Technology,4,BTech,,Lakhimpur,262804,CS/IT,Data Scientist,Online,,,,,,,,,,,
6/17/2024 22:36:55,172,27-04-2023,College Pass out,BTech,,tirupathi,517502,CS/IT,Data Analyst,Online,,,,,,,,,,,
6/17/2024 22:37:06,173,IIT Bombay ,3,BS,,Mumbai ,400076,Economics ,Data Scientist,Online,,,,,,,,,,,
6/17/2024 22:37:34,174,Maulana Azad Natinal Institute of Technology,4,BTech,,"Rajkot, Gujarat",360410,Related to Data Science,Data Scientist,Online,,,,,,,,,,,
6/17/2024 22:38:55,175,"RCEW, Jaipur",3,BTech,,Jaipur ,302026,CS/IT,Business Analyst,Online,,,,,,,,,,,
6/17/2024 22:38:56,176,VIT UNIVERSITY ,5,MTech,,Tirupattur,635601,CS/IT,Data Analyst,Online,,,,,,,,,,,
6/17/2024 22:40:06,177,Chandigarh University ,2,MSc Data Science ,,Una ,174303,Related to Data Science,Data Analyst,Online,,,,,,,,,,,
6/17/2024 22:42:33,178,Career Point University ,2,MCA,Yes,Kota,324005,Related to Data Science,Not Decided Yet,Offline,,,,,,,,,,,
6/17/2024 22:47:14,179,"Lady Shri Ram College (LSR), Delhi University",College Pass out,BA Economics(Hons),Yes,"Sonepat, Haryana",131001,Economics,Business Analyst,Online,,,,,,,,,,,
6/17/2024 22:59:24,180,Vidyalankar Institute of Technology,College Pass out,BTech,,Mumbai,400022,Electronics,Data Scientist,Offline,,,,,,,,,,,
6/17/2024 23:01:40,181,Government engineering College ajmer ,3,BTech,,Bhilwara,311301,CS/IT,Data Scientist,Online,,,,,,,,,,,
6/17/2024 23:03:31,182,PVPIT Bavdhan Pune,College Pass out,BTech,,PUNE,412115,Electronics & Telecommunication,Data Scientist,Online,,,,,,,,,,,
6/17/2024 23:44:58,183,"Shree tagore college kuchaman city ,Bsc",3,Bsc,,Makrana,341505,Maths,Data Scientist,Online,,,,,,,,,,,
6/18/2024 0:11:12,184,Suresh Gyan vihar University Jaipur ,4,BTech,,Darbhanga Bihar,846004,CS/IT,Data Analyst,Offline,,,,,,,,,,,
6/18/2024 1:11:52,185,Engineering,College Pass out,Diploma,,Surat,394210,Civil Engineering,Data Scientist,Online,,,,,,,,,,,
6/18/2024 7:46:36,186,Great Learning ,College Pass out,Data Science and Business Analyst,,Kalyan,421301,Related to Data Science,Data Scientist,Offline,,,,,,,,,,,
6/18/2024 10:31:23,187,INVERTIS UNIVERSITY BAREILLY UTTAR PRADESH ,3,BTech,,PILIBHIT,262124,CS/IT,Data Scientist,Online,,,,,,,,,,,
6/18/2024 10:50:54,188,"MBM University, Jodhpur ",2,B.E,,Gangapur city,322201,CS/IT,Data Scientist,Online,,,,,,,,,,,
6/18/2024 11:03:08,189,MCA ,2,MCA,,Sohagpur Hoshangabad ,461771,CS/IT,Data Analyst,Online,,,,,,,,,,,
6/18/2024 12:42:35,190,Techno Engineering College Banipur,4,BTech,,Kolkata,743704,CS/IT,Data Scientist,Online,,,,,,,,,,,
6/18/2024 13:15:20,191,Bishop Heber College ,2,M.Sc,,TRICHY,620001,Related to Data Science,Data Scientist,Online,,,,,,,,,,,
6/18/2024 13:50:38,192,BISHOP HEBER COLLEGE,2,Msc - DATA SCIENCE,,TIRUCHIRAPALLI,620102,Related to Data Science,Data Scientist,Online,,,,,,,,,,,
6/18/2024 14:55:35,193,45474,2,BCA,,Alwar Rajasthan ,321605,CS/IT,Data Scientist,Offline,,,,,,,,,,,
6/18/2024 15:53:54,194,CDAC,College Pass out,Pg-dbda,,Nagpur,440011,Related to Data Science,Data Analyst,Online,,,,,,,,,,,
6/18/2024 19:38:46,195,Oriental University ,2,MCA,,Harda ,461228,AIml ,Data Scientist,Online,,,,,,,,,,,
6/18/2024 22:23:59,196,L J College of Computer Application ,College Pass out,BCA,,Ahmedabad,380061,CS/IT,Data Analyst,Online,,,,,,,,,,,
6/19/2024 9:47:22,197,Presidency University ,College Pass out,BTech,,Bangalore ,560090,Electrical and Electronics w,Data Analyst,Online,,,,,,,,,,,
6/19/2024 16:12:58,198,"Maharishi Arvind Institude of Science and Management, Jaipur",1,BCA,Yes,Jaipur,302012,CS/IT,Data Scientist,Online,,,,,,,,,,,
6/19/2024 18:06:02,199,RTU Kota,4,BTech,,Bhiwadi,301019,CS/IT,Data Analyst,Online,,,,,,,,,,,
6/19/2024 18:09:39,200,BTech ,4,BTech,,Jind ,126102,CS/IT,Data Scientist,Online,,,,,,,,,,,
6/19/2024 19:04:35,201,"MBM University, Jodhpur ",3,BTech,,Jaipur ,302013,Electronics and electrical ,Data Scientist,Online,,,,,,,,,,,
6/20/2024 13:39:33,202,BMSIT,College Pass out,BTech,,Bangalore ,560058,CS/IT,Data Scientist,Online,Linkedin Job Post,2023,5L-10L,2000,,,,,,,
6/20/2024 13:39:39,203,"SRM UNIVERSITY,Sonepat,Haryana",2,BTech,,New Delhi ,110027,Related to Data Science,Data Scientist,Online,Linkedin Job Post,2026,10L-15L,2004,,,,,,,
6/20/2024 13:39:41,204,Mangalmay Institute of Engineering and Technology,3,BTech,,FARIDABAD,121001,Related to Data Science,Data Scientist,Offline,Linkedin Job Post,2025,5L-10L,2003,,,,,,,
6/20/2024 13:39:49,205,"SRM UNIVERSITY,Sonepat,Haryana",2,BTech,,Sonipat,131001,Related to Data Science,Data Scientist,Offline,Linkedin Job Post,2026,>15L,2004,,,,,,,
6/20/2024 13:39:51,206,Bachelor's in Computer Applications ,3,BCA,,"Mira road,Thane, Maharashtra ",401107,CS/IT,Data Scientist,Online,Linkedin Job Post,3,5L-10L,2003,,,,,,,
6/20/2024 13:39:51,207,Engineering ,College Pass out,BTech,,Pune,413003,Electrical engineering ,Data Analyst,Online,Linkedin Job Post,2023,5L-10L,35705,,,,,,,
6/20/2024 13:40:03,208,"Agrawal P.G. College, Jaipur",College Pass out,BCA,,Jaipur,302002,CS/IT,Data Scientist,Online,Linkedin Job Post,2024,5L-10L,2002,,,,,,,
6/20/2024 13:40:16,209,Solapur University Solapur ,2,MCA,,Solapur ,413221,CS/IT,Data Analyst,Online,Linkedin Job Post,2024,5L-10L,2001,,,,,,,
6/20/2024 13:40:24,210,Manipal University Jaipur,3,BTech,,Pali,306401,CS/IT,Data Analyst,Online,Linkedin Job Post,2026,>15L,2003,,,,,,,
6/20/2024 13:40:26,211,Anil neerukonda institute of technology and science ,4,BTech,,Vishkapatnam,530040,CS/IT,Data Scientist,Online,Linkedin Job Post,2025,10L-15L,2003,,,,,,,
6/20/2024 13:40:29,212,Arya college of engineering ,3,BTech,,Jaipur ,302028,CS/IT,Data Scientist,Online,Linkedin Job Post,2025,10L-15L,2003,,,,,,,
6/20/2024 13:40:29,213,Manav rachna University ,4,BTech,,Kurnool ,518002,CSE with specialization in artificial intelligence and machine learning ,Data Scientist,Online,Linkedin Job Post,2025,10L-15L,2004,,,,,,,
6/20/2024 13:40:30,214,Abes Engineering College ,2,BTech,,Kathua,184142,Related to Data Science,Data Analyst,Online,Linkedin Job Post,2026,10L-15L,2005,,,,,,,
6/20/2024 13:40:39,215,CV Raman Global University Bhubaneswar ,4,BTech,,Bhubaneswar,751030,CS/IT,Data Analyst,Online,Linkedin Job Post,2025,10L-15L,2003,,,,,,,
6/20/2024 13:40:54,216,Kakatiya University ,College Pass out,BTech,,Hanamakonda,505476,Electronics and communication engineering ,Data Scientist,Online,Linkedin Job Post,2024,5L-10L,37358,,,,,,,
6/20/2024 13:41:01,217,"UTD CSVTU, BHILAI ",2,BTech,,Durg,491001,CS/IT,Data Scientist,Online,Linkedin Job Post,2026,>15L,2004,,,,,,,
6/20/2024 13:41:10,218,University Institute of Engineering and technology Panjab University Chandigarh ,College Pass out,BTech,,Zirakpur,140603,Biotechnology ,Data Scientist,Online,Naukri,2023,5L-10L,2001,,,,,,,
6/20/2024 13:41:12,219,Vivekananda Institute of Professional Studies,3,BTech,,Delhi,110009,Related to Data Science,Data Scientist,Offline,Linkedin Job Post,2025,>15L,2003,,,,,,,
6/20/2024 13:41:18,220,2,3,MSc integrated ,,Cuddalore ,607102,Related to Data Science,Data Scientist,Offline,Linkedin Job Post,2027,10L-15L,14.11.2003,,,,,,,
6/20/2024 13:41:22,221,Sri Sai institute of technology and science ,College Pass out,BTech,,Kadapa ,516504,Electronics and communication engineering ,Data Scientist,Online,Linkedin Job Post,2024,5L-10L,13/06/2002,,,,,,,
6/20/2024 13:41:25,222,The Oxford College of Engineering,College Pass out,B.E,,"Bommanahali, Bengaluru,Karnataka ",560068,CS/IT,Data Scientist,Online,Linkedin Job Post,2024,>15L,24/04/2002,,,,,,,
6/20/2024 13:41:25,223,Sipna College Of engineering and Technology Amravati ,College Pass out,B.E ,,"Anandwadi , po. Chistur Tah. Ashti Dist.Wardha ",442202,CS/IT,Data Scientist,Online,Linkedin Job Post,2023,10L-15L,18/07/2000,,,,,,,
6/20/2024 13:41:25,224,"SRMIST,Chennai ",3,BTech,,"Deeg,Rajasthan ",321203,CS/IT,Data Scientist,Online,Linkedin Job Post,2026,10L-15L,2004,,,,,,,
6/20/2024 13:41:36,225,NIT Agartala,College Pass out,BTech,,Ranchi,834002,Bio Engineering ,Data Scientist,Online,Linkedin Job Post,2021,5L-10L,1998,,,,,,,
6/20/2024 13:41:38,226,UPES,4,BTech,,Faridabad,121006,CS/IT,Not Decided Yet,Online,Linkedin Job Post,2024,>15L,2002,,,,,,,
6/20/2024 13:41:44,227,Manipal University Jaipur,4,BTech,Yes,Jaipur,303007,CS/IT,Data Scientist,Online,Linkedin Job Post,2025,5L-10L,2003,,,,,,,
6/20/2024 13:42:16,228,CHARUSAT,College Pass out,MSc,,Kheda,387,Mathematics,Data Analyst,Online,Linkedin Job Post,2024,5L-10L,Option 1,,,,,,,
6/20/2024 13:42:23,229,Pragati engineering College ,College Pass out,BTech,,Mogaltur ,534281,CS/IT,Data Scientist,Offline,Linkedin Job Post,2023,5L-10L,37175,,,,,,,
6/20/2024 13:42:26,230,"R. C. Patel Institute of technology, shirpur",College Pass out,BTech,,Shahada ,425409,Civil Engineering,Data Analyst,Online,Linkedin Job Post,2023,5L-10L,37018,,,,,,,
6/20/2024 13:42:29,231,Kavikulguru Institute of Technology and Science ,College Pass out,BE,,Nagpur,441106,Computer Technology ,Data Analyst,Online,Linkedin Job Post,2023,5L-10L,2001,,,,,,,
6/20/2024 13:42:38,232,Current ,1,Mba,,Gwalior,474001,Business analytics ,Business Analyst,Online,Linkedin Job Post,2023,5L-10L,37511,,,,,,,
6/20/2024 13:42:42,233,World college of institute and management ,5,BTech,,NEW DELHI,1100,CS/IT,Program ,Online,Google Search,Diploma ,>15L,15/10/2001,,,,,,,
6/20/2024 13:43:09,234,Poornima College of Engineering ,College Pass out,BTech,,Ajmet,305412,CS/IT,Data Scientist,Offline,Linkedin Job Post,2024,5L-10L,2003,,,,,,,
6/20/2024 13:43:10,235,Noida institute of engineering and technology ,3,BTech,,Surajpur ,497226,Related to Data Science,Data Scientist,Offline,Linkedin Job Post,2026,10L-15L,2004,,,,,,,
6/20/2024 13:43:54,236,Noida institute of engineering and technology ,3,BTech,,Greater Noida West ,201306,CS/IT,Machine learning engineer ,Online,Friend Referred,Pursuing btech,10L-15L,2003,,,,,,,
6/20/2024 13:44:26,237,Telangana University ,College Pass out,MCA,,Karimnagar ,505330,CS/IT,Data Scientist,Offline,Linkedin Job Post,2023,5L-10L,2000,,,,,,,
6/20/2024 13:45:18,238,PICT Pune ,3,BE ,,Pune ,411027,CS/IT,Data Scientist,Online,Linkedin Job Post,2026,5L-10L,2004,,,,,,,
6/20/2024 13:45:48,239,Aligarh Muslim University ,2,MCA,,Aligarh ,202002,CS/IT,Data Scientist,Online,Linkedin Job Post,2023,10L-15L,25/02/2002,Yes,,,,,,
6/20/2024 13:45:58,240,Mohammad sathak college of arts and science ,College Pass out,B com,,Chennai,600064,Commerce,Data Analyst,Online,Linkedin Job Post,B.com,5L-10L,25/05/2000,No,,,,,,
6/20/2024 13:46:44,241,Diploma ,3,BTech,,Agra ,282001,CS/IT,Data Scientist,Online,Linkedin Job Post,Diploma,5L-10L,19/12/2006,No,,,,,,
6/20/2024 13:46:49,242,Erode Sengunthar Engineering College,College Pass out,B.E,,Baramulla,193121,CS/IT,Data Scientist,Online,College TPO,2024,>15L,2001,Yes,,,,,,
6/20/2024 13:48:10,243,Poornima College of Engineering ,4,BTech,Yes,Jaipur,302017,Artificial intelligence and data science ,Data Scientist,Offline,Linkedin Job Post,2025,>15L,37462,Yes,,,,,,
6/20/2024 13:48:14,244,412207,College Pass out,P G Diploma in Data Science ,,Pune ,4122974,Related to Data Science,Data Analyst,Online,Linkedin Job Post,2024,10L-15L,2003,I am not in College,,,,,,
6/20/2024 13:48:17,245,NIT Goa,3,BTech,,Rewari ,122502,CS/IT,Business Analyst,Offline,Google Search,2025,10L-15L,2004,Yes,,,,,,
6/20/2024 13:48:33,246,Dronacharya college of engineering ,4,BTech,,Gurugram,122001,CS/IT,Data Scientist,Online,Linkedin Job Post,2025,10L-15L,2003,Yes,,,,,,
6/20/2024 13:48:40,247,Sikkim Manipal Institute Of Technology ,College Pass out,BTech,,Rangpo,737132,CS/IT,Django Developer,Online,Linkedin Job Post,2024,5L-10L,37034,I am not in College,,,,,,
6/20/2024 13:50:54,248,"Saraswati college of engineering , kharghar",College Pass out,BTech,,Navi Mumbai,410206,CS/IT,Data Scientist,Online,Linkedin Job Post,B tech,10L-15L,26-10-2002,Yes,,,,,,
6/20/2024 13:51:33,249,Presidency University ,2,BTech,,Bengaluru,560094,CS/IT,Data Scientist,Offline,Linkedin Job Post,2,10L-15L,2004,No,,,,,,
6/20/2024 13:51:42,250,Jogesh Chandra Chaudhari College,College Pass out,B. Sc.,,Kolkata,700092,CS/IT,Data Scientist,Online,Linkedin Job Post,2020,5L-10L,1999,I am not in College,,,,,,
6/20/2024 13:52:25,251,"Last attended college: Annamalai University, Chidambaram, Tamil Nadu ",College Pass out,MBA,,"Kovilpatti, Tuticorin, Tamil Nadu",628716,Latest: Marketing Management,Data Scientist,Online,Linkedin Job Post,2021,5L-10L,1995,I am not in College,,,,,,
6/20/2024 13:52:37,252,Manipal University Jaipur,4,BTech,,Gwalior ,474001,CS/IT,Data Analyst,Online,Linkedin Job Post,2021,>15L,37660,Yes,,,,,,
6/20/2024 13:52:51,253,Poornima University ,3,BCA,,Sikar ,332304,CS/IT,Data Scientist,Online,Linkedin Job Post,2025,5L-10L,38180,Yes,,,,,,
6/20/2024 13:53:44,254,Jain University ,College Pass out,BTech,,Nellore ,524315,Related to Data Science,Data Analyst,Online,Linkedin Job Post,2024,10L-15L,30/06/2002,I am not in College,,,,,,
6/20/2024 13:53:58,255,Rajiv Gandhi University of Knowledge Technologies - Nuzvid ,3,BTech,,Vizianagaram ,531162,CS/IT,Data Scientist,Online,Linkedin Job Post,2025,>15L,37751,Yes,,,,,,
6/20/2024 13:54:03,256,IIT Bhubaneswar,3,BTech,,Aurangabad,824120,Mechanical,Data Scientist,Online,Linkedin Job Post,12th,>15L,38542,No,,,,,,
6/20/2024 13:54:36,257,Shiv nadar institute of eminence ,College Pass out,BTech,,Delhi,110096,Electronics and communication engineering ,Data Scientist,Offline,Linkedin Job Post,2024,>15L,2002,I am not in College,,,,,,
6/20/2024 13:56:59,258,dumka engineering college,College Pass out,BTech,,"vill- gadri,po-guru,ps-Ratu,ranchi,jharkhand",835222,CS/IT,Data Analyst,Online,Google Search,2022,5L-10L,28/10/1999,I am not in College,,,,,,
6/20/2024 13:57:08,259,JECRC University ,3,BTech,,Jaipur,302002,CS/IT,Data Scientist,Online,Linkedin Job Post,2025,>15L,2003,Yes,,,,,,
6/20/2024 14:00:42,260,Amity University Rajasthan ,College Pass out,BTech,,Ajmee,305601,CS/IT,Data Scientist,Online,Linkedin Job Post,4,10L-15L,2000,I am not in College,,,,,,
6/20/2024 14:01:41,261,"R.c patel institute of technology,shirpur ",3,BTech,,"Jalgaon,Maharashtra ",425002,Artificial intelligence and machine learning ,Data Scientist,Online,Linkedin Job Post,2026,5L-10L,2005,No,,,,,,
6/20/2024 14:02:14,262,"JAI PRAKASH UNIVERSITY, CHAPRA ",College Pass out,B.Sc,Yes,SARAN,841403,Related to Data Science,Data Scientist,Online,Linkedin Job Post,2023,5L-10L,2001,I am not in College,,,,,,
6/20/2024 14:02:20,263,Global Institute of Technology ,4,BTech,,Bhilwara ,311001,Mechanical ,Data Scientist,Online,Linkedin Job Post,2017,10L-15L,1995,I am not in College,,,,,,
6/20/2024 14:02:43,264,Manipal Institute of Technology ,3,BTech,,Bangalore ,560049,CS/IT,Data Scientist,Online,Linkedin Job Post,2026,10L-15L,2004,No,,,,,,
6/20/2024 14:03:34,265,Lovely Professional University,College Pass out,BTech,,"Lingapuram, Guntur, Andhra Pradesh",522436,CS/IT,Data Scientist,Online,Linkedin Job Post,2024,5L-10L,2001,I am not in College,,,,,,
6/20/2024 14:03:34,266,Lloyd Institute of engineering and technology,3,BTech,,Noida,201301,CS/IT,Data Scientist,Offline,Linkedin Job Post,2020,>15L,2002,No,,,,,,
6/20/2024 14:04:11,267,2023,College Pass out,B.com,,Nagpur,441104,Related to Data Science,Data Scientist,Offline,Linkedin Job Post,2022,5L-10L,21-04-1999,I am not in College,,,,,,
6/20/2024 14:06:02,268,Bharati vidyapeeth's college of engineering,4,BTech,,Pune,411042,CS/IT,Data Scientist,Offline,DataPlay Reached out,2024,5L-10L,2002,No,,,,,,
6/20/2024 14:06:19,269,Chandigarh University ,1,MBA,,Gorakhpur ,273014,Related to Data Science,Business Analyst,Offline,DataPlay Reached out,2023,5L-10L,2003,No,,,,,,
6/20/2024 14:08:20,270,Amity University Rajasthan,College Pass out,MSc,,Beawar,305901,Related to Data Science,Data Analyst,Offline,Linkedin Job Post,2023,10L-15L,2000,I am not in College,,,,,,
6/20/2024 14:13:47,271,Vel tech University ,4,BTech,,Kurnool,518001,CS/IT,Data Analyst,Online,Linkedin Job Post,2025,10L-15L,2003,Yes,,,,,,
6/20/2024 14:15:21,272,Completed,College Pass out,B.Com,,Delhi,110075,Related to Data Science,Data Scientist,Offline,Linkedin Job Post,2021,5L-10L,7th September  2000,I am not in College,,,,,,
6/20/2024 14:17:41,273,Allahabad university ,College Pass out,MSc(statistics),,Varanasi ,221001,Related to Data Science,Data Scientist,Online,Linkedin Job Post,Post graduation ,10L-15L,28-10-1999,I am not in College,,,,,,
6/20/2024 14:18:30,274,Aditya College of engineering and technology,4,BTech,,Kakinada,533001,Electrical and electronics engineering,AIML Developer,Online,Linkedin Job Post,3,5L-10L,2003,Yes,,,,,,
6/20/2024 14:21:42,275,Theem college of Engineering,4,BTech,,Mumbai,401203,CS/IT,AI ML engineer,Online,Linkedin Job Post,2025,10L-15L,2004,Yes,,,,,,
6/20/2024 14:24:02,276,JECRC University ,4,BTech,,Nagar,321205,CS/IT,Data Analyst,Online,Friend Referred,2021,10L-15L,2003,Yes,,,,,,
6/20/2024 14:24:17,277,"Maharishi Arvind Institude of Science and Management, Jaipur",1,MCA,,Jaipur ,302019,CS/IT,Web designing and coding ,Offline,College TPO,BCA ,5L-10L,2002,Yes,,,,,,
6/20/2024 14:25:06,278,Bonam Venkata Chalamayya Engineering College ,College Pass out,BTech,,Tanuku,534328,Related to Data Science,Data Scientist,Online,Linkedin Job Post,2024,5L-10L,2002,I am not in College,,,,,,
6/20/2024 14:26:31,279,Rajasthan of University ,3,BCA,,Jaipur,302012,CS/IT,Data Scientist,Online,Linkedin Job Post,75.20%,5L-10L,37321,Yes,,,,,,
6/20/2024 14:33:50,280,University Commerce College ,3,BCA,,JAIPUR,302029,CS/IT,Data Analyst,Offline,Linkedin Job Post,2025,10L-15L,2004,No,,,,,,
6/20/2024 14:40:52,281,Soa iter,3,BTech,,Jamshedpur,831002,CS/IT,Data Scientist,Online,Linkedin Job Post,2026,>15L,2003,No,,,,,,
6/20/2024 14:42:24,282,SSG PAREEK PG COLLEGE ,3,BCA,,Jaipur ,302012,CS/IT,Not Decided Yet,Offline,Friend Referred,BCA,5L-10L,37622,No,,,,,,
6/20/2024 14:46:06,283,Amity University Rajasthan ,College Pass out,BTech,,Bahadurgarh ,124507,CS/IT,Data Scientist,Online,Linkedin Job Post,2021,>15L,1999,I am not in College,,,,,,
6/20/2024 14:59:42,284,"Nowrosjee Wadia College,Pune",College Pass out,MTech,,Ratnagiri ,415712,CS/IT,Data Scientist,Online,DataPlay Reached out,2016,5L-10L,33763,I am not in College,,,,,,
6/20/2024 15:22:42,285,Manav Rachna University,3,BTech,,"Guntur, Andhra Pradesh",522236,CS/IT,Data Scientist,Online,Linkedin Job Post,2025,10L-15L,25-08-2004,No,,,,,,
6/20/2024 15:27:18,286,8.8,4,BTech,,Jaipur ,302012,CS/IT,Data Scientist,Offline,College TPO,2025,10L-15L,28/04/2002,Yes,,,,,,
6/20/2024 15:31:00,287,SDM College of engineering and technology ,College Pass out,BTech,,Dharwad ,580001,CS/IT,Data Analyst,Online,Linkedin Job Post,Under graduate ,5L-10L,14/05/2002,I am not in College,,,,,,
6/20/2024 15:36:58,288,msc data science,2,MSC,,lalbagh,560027,Related to Data Science,Data Scientist,Offline,Linkedin Job Post,2025,10L-15L,37477,Yes,,,,,,
6/20/2024 15:37:46,289,Computer science ,College Pass out,BCA,,Ahmedabad ,380013,CS/IT,Data Scientist,Online,Linkedin Job Post,2024,>15L,37991,I am not in College,,,,,,
6/20/2024 15:40:54,290,Chandigarh University ,4,BTech,,Saharanpur,247001,CS/IT,Data Scientist,Online,Linkedin Job Post,2025,5L-10L,2003,Yes,,,,,,
6/20/2024 15:49:32,291,Sri Balaji College of Engineering and technology Jaipur ,4,BTech,,Sultanpur ,228155,CS/IT,Data Scientist,Offline,College TPO,2025,>15L,14 /11/ 2002,No,,,,,,
6/20/2024 15:52:15,292,4,4,BTech,,Chennai,603103,CS/IT,Data Scientist,Offline,Linkedin Job Post,2025,>15L,2001,No,,,,,,
6/20/2024 18:01:49,293,"Amity University (CSE) , IIT Madras ( Data Science )",3,BTech,,New Delhi,110003,CS/IT,Data Scientist,Online,DataPlay Reached out,2026,>15L,2004,Yes,,,,,,
6/20/2024 18:05:47,294,SNU,3,BTech,,Chennai,600088,Related to Data Science,Not Decided Yet,Online,Linkedin Job Post,2026,>15L,2004,No,,,,,,
6/20/2024 18:34:29,295,K.k.wagh,College Pass out,BCS,,Nashik ,422303,CS/IT,Data Scientist,Online,Linkedin Job Post,2024,>15L,38112,I am not in College,,,,,,
6/20/2024 18:35:16,296,Punjab Engineering College Chandigarh ,College Pass out,MTech,,Hamirpur ,177005,Environmental Engineering ,Data Analyst,Online,Linkedin Job Post,2022,5L-10L,1997,I am not in College,,,,,,
6/20/2024 18:43:06,297,VEB College of Engineering Technical Campus ,College Pass out,BE,,Tiruppur ,641665,CS/IT,Data Analyst,Online,Linkedin Job Post,2022,5L-10L,2000,I am not in College,,,,,,
6/20/2024 19:20:04,298,KIIT UNIVERSITY ,4,BTech,,Jamshedpur ,831009,CS/IT,Data Analyst,Online,Linkedin Job Post,2025,5L-10L,2003,No,,,,,,
6/20/2024 19:40:51,299,Manav Rachna University,4,BTech,,Faridabad,121002,CS/IT,Data Scientist,Online,Linkedin Job Post,2025,10L-15L,2002,Yes,,,,,,
7/6/2024 22:48:14,300,Sri Balaji College Of Engineering & Technology,3,BTech,,"Danta ,Sikar ",332702,CS/IT,Not Decided Yet,Online,College TPO,2025,5L-10L,2004,Yes,No,8.2,No,,No,
6/20/2024 20:15:57,301,Shri bhawani niketal boys college,College Pass out,BA,,Jaipur,302013,Bachelor of arts,Data Scientist,Online,Linkedin Job Post,2022,5L-10L,15/08/1998,I am not in College,,,,,,
6/20/2024 20:19:44,302,SIESGST,College Pass out,BE,,Dombivli west,421202,CS/IT,Data Scientist,Online,Google Search,2024,10L-15L,10th dec 2002,I am not in College,,,,,,
6/20/2024 20:21:44,303,KIET Group Of Institutions ,3,BTech,,Ghaziabad ,201206,CS/IT,Data Scientist,Online,Linkedin Job Post,2025,10L-15L,2001Lu,No,,,,,,
6/20/2024 20:23:47,304,Teerthanker Mahaveer University,4,BTech,,Moradabad,244001,CS/IT,Data Scientist,Offline,Linkedin Job Post,2025,5L-10L,2003,Yes,,,,,,
6/20/2024 20:24:44,305,Banasthali Vidyapith ,4,BTech,,Ghaziabad ,201016,CS/IT,Data Scientist,Online,Linkedin Job Post,12th,>15L,37962,Yes,,,,,,
6/20/2024 20:27:07,306,Birla Institute of Technology mesra,4,BTech,,Patna,800014,CS/IT,Data Scientist,Online,Linkedin Job Post,2025,10L-15L,37779,Yes,,,,,,
6/20/2024 20:36:30,307,"Maharishi Arvind Institude of Science and Management, Jaipur",1,MCA,,Jaipur,302012,CS/IT,React.js developer ,Online,College TPO,BCA,5L-10L,17-06-2000,Yes,,,,,,
6/20/2024 20:37:25,308,2023,College Pass out,BTech,,Barrackpore ,700122,Mechanical Engineering ,Data Scientist,Online,Linkedin Job Post,2023,10L-15L,2000,I am not in College,,,,,,
6/20/2024 20:42:06,309,2023,College Pass out,BTech,,Pune,411019,Related to Data Science,Data Scientist,Online,Linkedin Job Post,BE,5L-10L,2001,I am not in College,,,,,,
6/20/2024 20:57:21,310,IIIT Bangalore,College Pass out,MBA (Finance),,Muzaffarnagar,251001,Related to Data Science,Data Analyst,Offline,Linkedin Job Post,2022,5L-10L,1995,I am not in College,,,,,,
6/20/2024 20:57:50,311,JSS SMI College Dharwad,College Pass out,MSc,,Hubli,580023,CS/IT,Data Scientist / Data Analyst,Online,Social Media,2022,5L-10L,1999,I am not in College,,,,,,
6/20/2024 21:20:59,312,Sri Balaji College of Engineering and technology Jaipur ,2,BTech,,Jhunjhunu ,333001,CS/IT,Data Scientist,Offline,College TPO,12,>15L,15/04/2004,Yes,,,,,,
6/20/2024 21:22:43,313,SGTB Khalsa College ,2,BCom hons ,,New Delhi ,110018,Commerce ,Business Analyst,Online,Linkedin Job Post,3,>15L,2005,No,,,,,,
6/20/2024 22:21:55,314,Lingayas vidyapeeth ,College Pass out,BTech,,Faridabad ,121001,CS/IT,Data Analyst,Online,Linkedin Job Post,2023,5L-10L,1998,I am not in College,,,,,,
6/20/2024 22:28:28,315,"Vellore Institute of Technology, Chennai",3,BTech,,Navi Mumbai,410210,CS/IT,Data Scientist,Online,Linkedin Job Post,2026,>15L,2004,Yes,,,,,,
6/20/2024 23:29:53,316,O.P Jindal University,College Pass out,BTech,,Bilaspur,495001,CS/IT,Not Decided Yet,Online,Linkedin Job Post,2024,10L-15L,2002,No,,,,,,
6/20/2024 23:48:16,317,NIT Rourkela ,4,BTech,,"Balangir, Odisha",767070,Biomedical Engineering ,Data Analyst,Online,Linkedin Job Post,2025,10L-15L,27/04/2003,Yes,,,,,,
6/20/2024 23:51:44,318,Mgicoet,College Pass out,BTech,,Telhara ,444108,CS/IT,Data Scientist,Online,Linkedin Job Post,2022,>15L,2000,I am not in College,,,,,,
6/21/2024 0:19:25,319,IIT Kharagpur,4,BTech,,Hyderabad ,500047,Mechanical engineering ,Data Scientist,Online,Linkedin Job Post,2025,>15L,2002,Yes,,,,,,
6/21/2024 0:29:13,320,MIT Academy of Engineering ,4,BTech,,Pune,412105,Electronics and Telecommunication ,Data Analyst,Online,Linkedin Job Post,Third Year,10L-15L,2003,Yes,,,,,,
6/21/2024 9:14:53,321,Bennett University(The Times group),3,BTech,,Bhiwani,127021,CS/IT,Business Analyst,Offline,Linkedin Job Post,12th,>15L,2004,No,,,,,,
6/21/2024 10:14:09,322,Gokhale Institute of Politics and Economics,2,M.Sc.,,Bengaluru,560037,Economics,Business Analyst,Online,Linkedin Job Post,2025,>15L,2002,Yes,,,,,,
6/21/2024 10:17:46,323,Vellore Institute of Technology ,4,BTech,,Bengaluru ,560016,Related to Data Science,Data Scientist,Online,Linkedin Job Post,2024,5L-10L,2003,No,,,,,,
6/21/2024 11:35:51,324,2026,3,BTech,,APEX UNIVERSITY,Rajasthan,CS/IT,Data Scientist,Online,Linkedin Job Post,2026,5L-10L,8058000000,No,,,,,,
6/21/2024 13:08:32,325,Sri Balaji College of Engineering and technology Jaipur ,2,BTech,,Sikar ,332001,CS/IT,Not Decided Yet,Offline,College TPO,4,10L-15L,28/06/2005,Yes,,,,,,
6/21/2024 14:48:58,326,Mangalmay   institute of engineering and technology ,3,BTech,,Delhi,110092,Related to Data Science,Data Scientist,Offline,Friend Referred,2025,10L-15L,30 -10- 2002,Yes,,,,,,
6/21/2024 18:13:21,327,M.B.M University ,2,BE,,Jaipur ,302019,CS/IT,Not Decided Yet,Offline,Linkedin Job Post,2026,>15L,2002,Yes,,,,,,
6/21/2024 19:50:40,328,Kandi Raj College,College Pass out,B. Sc.,,Kandi,742137,Mathematics,Data Scientist,Online,Friend Referred,2022,5L-10L,36533,I am not in College,,,,,,
6/22/2024 21:44:27,329,Saroj Mohan Institute of Technology,College Pass out,BTech,,Kolkata,700074,CS/IT,Data Analyst,Online,Linkedin Job Post,2020,5L-10L,1997,I am not in College,,,,,,
6/23/2024 14:42:25,330,Career Point University ,2,MCA,Yes,Kanpur ,208003,Related to Data Science,Data Analyst,Online,College TPO,2025,10L-15L,37661,Yes,,,,,,
6/24/2024 12:12:16,331,Career Point University ,2,MCA,Yes,Bundi ,323001,Related to Data Science,Not Decided Yet,Online,College TPO,2025,10L-15L,2003,Yes,,,,,,
6/24/2024 14:21:54,332,"Swami Keshvanand Institute of Technology, Management & Gramothan (SKIT)",2,BTech,,Jaipur,302012,CS/IT,Data Analyst,Offline,Friend Referred,2026,>15L,2005,Yes,,,,,,
6/24/2024 16:59:11,333,Manipal University Jaipur,3,BTech,Yes,Bahadurgarh ,124507,CS/IT,Data Analyst,Online,Friend Referred,2025,10L-15L,2003,Yes,,,,,,
6/24/2024 18:38:15,334,B tech ,2,BTech,,Jaipur ,302012,CS/IT,Data Scientist,Offline,College TPO,12 th,>15L,38298,Yes,,,,,,
6/25/2024 10:49:37,335,Sri Balaji college of engineering and technology ,3,BTech,,Jaipur ,302013,CS/IT,Web developer ,Offline,College TPO,2025,10L-15L,30/08/2003,No,,,,,,
6/28/2024 22:01:55,336,Sri Balaji College of Engineering and Technology,3,BTech,,Jaipur,302012,Artificial Intelligence,Data Scientist,Offline,College TPO,2022,10L-15L,38657,Yes,,,,,,
6/28/2024 23:33:30,337,Sri Balaji College of Engineering and Technology,3,BTech,,"Jaipur, Rajasthan. ",302012,CS/IT,Not Decided Yet,Online,College TPO,2022,10L-15L,14-05-2004,Yes,,,,,,
6/29/2024 11:14:53,338,Vishnu Institute of technology,4,BTech,,Kakinada,533004,Related to Data Science,Data Scientist,Online,Linkedin Job Post,2025,10L-15L,2004,No,Nan,86,,,,
6/29/2024 11:14:57,339,Veltech University ,4,BTech,,Chennai ,602024,Ai &ml,Data Analyst,Online,Linkedin Job Post,2025,5L-10L,2003,Yes,Accenture ,8.1,,,,
6/29/2024 11:15:29,340,KL university ,2,MCA,,Kadapa,516150,Artificial Intelligence ,Data Analyst,Online,Linkedin Job Post,2025,10L-15L,21-03-2001,Yes,Not an internship but i done course on data analytics in cognitive by IBM,9.28,,,,
6/29/2024 11:16:11,341,ANURAG,College Pass out,BTech,,KODAD,508206,ECE,Data Scientist,Online,Linkedin Job Post,2023,5L-10L,17/09/2001,I am not in College,congifiz technolyges,6.7CGPA,,,,
6/29/2024 11:16:17,342,Cochin University of Science and Technology ,2,MTech,,"Kochi,Kerala",683589,Related to Data Science,Data Analyst,Online,Linkedin Job Post,2025,5L-10L,1999,No,Afame technologies and nexus info (Data Analyst intern),80,,,,
6/29/2024 11:16:45,343,NIIT University (2021 - 2025),4,BTech,,Prayagraj ,211012,CS/IT,Data Analyst,Online,Linkedin Job Post,2025,10L-15L,27/04/2003,Yes,No.,B.tech  7.01,,,,
6/29/2024 11:17:10,344,No,1,MTech,,Lucknow,226020,CS/IT,Data Analyst,Online,Linkedin Job Post,Yes ,5L-10L,2002,No,Neuron. Ai,76.5,,,,
6/29/2024 11:18:47,345,Vidyalankar College ,College Pass out,BSC IT ,,Mumbai ,400018,CS/IT,Data Analyst,Online,Linkedin Job Post,2022 passed out,5L-10L,37045,I am not in College,NA,8.03 CGPA ,,,,
6/29/2024 11:18:57,346,Parul University ,4,BTech,,Nizamabad,503001,CS/IT,Data Scientist,Online,Linkedin Job Post,2025,10L-15L,2004,Yes,NA,75.05,,,,
6/29/2024 11:19:48,347,Na,4,BTech,,Shahjahanpur Uttar Pradesh ,242,CS/IT,Data Scientist,Offline,Friend Referred,2025,5L-10L,2004,Yes,UpGrade Edu.,70,,,,
6/29/2024 11:23:48,348,"MBM University, Jodhpur ",2,B.E.,,Hindaun,322230,CS/IT,Data Analyst,Online,Friend Referred,2026,>15L,38330,Yes,NA,7.44,,,,
6/29/2024 11:27:43,349,"G.H Raisoni College Of Engineering, Nagpur",4,BTech,,Nagpur,440030,CS/IT,Data Analyst,Online,Linkedin Job Post,2025,10L-15L,2003,Yes,The Sparks foundation : i worked as data science and business analyst intern here and currently working at Evoastra Ventures PVT LTD as Data Scientist intern,66.2,,,,
6/29/2024 11:27:50,350,IPH-Rajasthan University of health sciences ,College Pass out,MPH,Yes,Jaipur ,302012,Biostatistics ,Data Scientist,Offline,Linkedin Job Post,2024,>15L,24 03 2000,I am not in College,No,72,,,,
6/29/2024 11:30:27,351,INTI international university ,College Pass out,BTech,,Dhaka,1217,CS/IT,Data Analyst,Online,Linkedin Job Post,Na,5L-10L,1997,No,No,0.64,,,,
6/29/2024 11:31:11,352,Gyan Ganga Institute of Technology and Sciences ,2,BTech,,"Madhya Pradesh , Jabalpur ",482003,Related to Data Science,Data Scientist,Online,Linkedin Job Post,20206,5L-10L,2004,No,No,7.5,,,,
6/29/2024 11:41:21,353,Poddar Management and Technical Campus,College Pass out,MBA,,Jaipur,302018,Related to Data Science,Data Analyst,Offline,Friend Referred,2023,5L-10L,29-12-1997,I am not in College,Data Analyst from Grass Solutions Pvt Limited,92%,,,,
6/29/2024 12:00:50,354,Btech,4,BTech,Yes,Bhadrak,756181,CS/IT,Data Analyst,Online,Linkedin Job Post,2025,10L-15L,2003,Yes,Aiml intern at cttc,6.84,No,,,
6/29/2024 12:03:05,355,2021,College Pass out,BTech,,Darbhanga,846004,Related to Data Science,Data Scientist,Offline,Linkedin Job Post,2021,5L-10L,36775,I am not in College,SIMPLILEARN ,71 percent ,Data science ,,,
6/29/2024 12:03:05,356,K.k.wagh college of engineering and research ,College Pass out,BE,,Nashik,422008,Artificial intelligence and data science ,Data Scientist,Online,Linkedin Job Post,2024,5L-10L,13/09/2001,I am not in College,NA,8.77,NA,,,
6/29/2024 12:07:36,357,"Birla Institute Of Technology, Ranchi ",3,BTech,,Jaipur ,302002,ECE ,Data Scientist,Online,Linkedin Job Post,2025,10L-15L,2003,Yes,No,70,No,,,
6/29/2024 12:11:59,358,"Maharishi Arvind Institude of Science and Management, Jaipur",3,BCA,,Jaipur ,302016,CS/IT,Data Scientist,Offline,Linkedin Job Post,This year ,5L-10L,18/07/2004,No,No,Under Graduation ,No ,,,
6/29/2024 12:22:20,359,Medicaps University ,4,BTech,,Indore ,452012,CS/IT,Data Analyst,Online,Linkedin Job Post,2025,5L-10L,37356,Yes,No done any yet ,7.5,No ,,,
6/29/2024 12:27:16,360,IIT BHU,4,Integrated Dual Degree,,Howrah,711201,Ceramic,Data Scientist,Online,Linkedin Job Post,2026,>15L,2003,Yes,NULL CLASSES,8.30(CGPA),No,,Yes,
6/29/2024 12:29:48,361,Poornima University ,3,BCA,,Jaipur ,302033,Related to Data Science,Data Analyst,Online,Linkedin Job Post,2025,>15L,2005,Yes,"I've been recently an intern in Celebal Technologies (Jaipur) in the SQL department where I learnt advanced SQL topics and am currently applying this knowledge in a project. Here , I've learnt designing and managing databases, creating complex queries to extract meaningful insights, and ensuring data integrity and security.",86%,"Yes I have few certifications- BCG Data Science Job Simulation program certification , Fundamentals of Artificial intelligence certification from IIT Guwahati (NPTEL ), Machine Learning Internship at Bharat Intern",,,
6/29/2024 13:44:57,362,Shri bhawani niketan,3,BA,,Jaipur,302013,Related to Data Science,Data Analyst,Online,Linkedin Job Post,2022,5L-10L,1998,No,technoglobe,49%,No,,,
6/29/2024 13:52:18,363,"Maharishi Arvind Institude of Science and Management, Jaipur",2,BCA,,Jaipur ,302012,CS/IT,Data Scientist,Offline,Linkedin Job Post,2025,5L-10L,26-05-2005,No,Ethereal Softech Pvt. Ltd.,Pursuing my graduation ,No,,,
6/29/2024 14:14:29,364,"Dev Sanskriti Vishwavidyalaya, Haridwar ",College Pass out,BCA,,Rishikesh,249204,CS/IT,Data Analyst,Online,Linkedin Job Post,2024,5L-10L,2003,I am not in College,No,70%,No,,,
6/29/2024 14:24:13,365,GJU Hisar ,2,MCA,,Fatehabad ,125111,Related to Data Science,Data Analyst,Online,Linkedin Job Post,2023,5L-10L,2003,No,N/A,70,Bachelor's in Data Science ,,,
6/29/2024 14:47:20,366,IIT Guwahati,College Pass out,M.Sc. ,,Delhi,110035,Mathematics and Computing,Data Scientist,Online,Linkedin Job Post,2023,>15L,2000,I am not in College,No Previous Experience in this domain.,76.83,"Python Training for Scientific Computing and Data Science,  organized by Students’ Academic Board, IIT Guwahati.",,,
6/29/2024 14:49:59,367,"IET, Devi Ahilya Vishwavidhyalaya",4,BTech,,Indore,452009,Electronics and Instrumentation,Data Analyst,Online,Linkedin Job Post,2025,10L-15L,2003,Yes,No,70%,"Google data analytics, coursera",,,
6/29/2024 15:01:07,368,dev sanskriti univercity,3,BCA,,sultanpur 228001 (up),228001,Related to Data Science,Data Scientist,Online,College TPO,2025,10L-15L,38754,Yes,no,6.9,no,,,
6/29/2024 17:18:31,369,Bennett University ,2,MCA,,Noida ,201310,Related to Data Science,Data Analyst,Offline,Linkedin Job Post,2025,10L-15L,2002,Yes,Yes,8.92,Yes Coursera Google data analytics prefossnal certificate ,,,
6/29/2024 17:26:33,370,MSc,College Pass out,Data science ,,Jaunpur ,222002,Related to Data Science,Data Scientist,Online,Alma better ,2017,10L-15L,35706,I am not in College,No,8.45cgpa,Yes,,,
6/29/2024 17:37:21,371,Maharaja Agrasen Himalyan Garhwal University ,College Pass out,BCA,,Faridabad,121004,CS/IT,Data Analyst,Online,Linkedin Job Post,B.C.A,5L-10L,2001,Yes,No,66,Yes,,,
6/29/2024 17:52:02,372,"Dev Sanskriti Vishwavidyalaya, Haridwar ",3,BCA,,Orai Jalaun,285001,CS/IT,Data Analyst,Online,Linkedin Job Post,2025,10L-15L,2003,Yes,No,8.33,No,,,
6/29/2024 18:21:43,373,VIIT Pune,4,BTech,,pune,411048,Related to Data Science,Data Scientist,Online,Linkedin Job Post,2025,10L-15L,2002,Yes,Profcess,8.4,yes,,,
6/29/2024 18:22:02,374,VIIT pune ,4,BTech,,Nashik,422101,Related to Data Science,Data Scientist,Online,Linkedin Job Post,2025,5L-10L,37937,Yes,NA,9.1,Yes,,,
6/29/2024 18:43:23,375,MA,2,English,,Hyderabad,500037,English,Data Scientist,Online,whatsapp,2024,10L-15L,30045,I am not in College,NO,70,yes,,,
6/29/2024 18:56:00,376,"Gauhati University (UG), University of Strathclyde (PG Diploma)",College Pass out,PG Diploma,,Guwahati,781028,Related to Data Science,Data Analyst,Online,Linkedin Job Post,"2022(UG), 2023(PG Diploma)",5L-10L,1999,I am not in College,"Yes, OESON Pvt. Ltd.","8.53/10 (UG), Pass (PG Diploma)","Yes, Virtual Work Experience Certificate by ITV as well as Virtual Work Experience Certificate by Lloyds Banking Group",,,
6/29/2024 21:17:43,377,Maharishi Arvind University,3,BCA,,Jaipur,303801,CS/IT,Not Decided Yet,Online,College TPO,2025,5L-10L,2005,No,No,7.8,In DSA,,,
6/29/2024 21:20:38,378,"Maharishi Arvind Institude of Science and Management, Jaipur",3,BCA,,Jaipur,302012,CS/IT,Web development,Online,College TPO,2024,5L-10L,2002,Yes,none,69%,none,,,
6/29/2024 21:59:04,379,Yes,3,BCA,,Jaipur,302001,CS/IT,Data Analyst,Offline,College TPO,2024,5L-10L,26-12-2003,Yes,NO,2024 Latest graduation,NO,,,
6/29/2024 22:01:11,380,MIT Academy of engineering Pune ,College Pass out,BTech,,Jalgaon,425107,Related to Data Science,Data Analyst,Online,Linkedin Job Post,2023,5L-10L,2001,I am not in College,VIEH group,78.6,What is Data Science by IBM,,,
6/29/2024 22:11:53,381,IILM AHL JAIPUR ,2,PGDM,,Jaipur ,302002,Related to Data Science,Data Analyst,Online,Linkedin Job Post,2025,5L-10L,1998,Yes,MedTourEasy,9.2,"Yes, Python ",,,
6/29/2024 22:54:49,382,"Amity University, Noida",College Pass out,MBA,,Gwalior,474011,Related to Data Science,Data Scientist,Online,Linkedin Job Post,44866,5L-10L,35653,I am not in College,"De9to.com, P.P Pharma",Post Graduate Program in Data Science and Engineering,"Post Graduate Program in Data Science and Engineering - Great Lakes Institute of Management, Gurgaon",,,
6/29/2024 23:54:49,383,Pondicherry Universityq,College Pass out,Msc,,Delhiq,110096,Statistics,Data Scientist,Online,Linkedin Job Post,2024,>15L,2001,I am not in College,No experience,6.83,Data Science with Python(Udemy) ,,,
6/30/2024 0:11:10,384,Btech ,4,BTech,,nagpur,441902,Related to Data Science,Data Analyst,Online,DataPlay Reached out,2025,10L-15L,2003,Yes,"Codsoft, sync intern,",7.83,"Yes Cisco , coursera, forage tata , Accenture ",,,
6/30/2024 7:52:58,385,Artificial Intelligence ,4,BTech,Yes,KURNOOL,518002,CS/IT,Data Analyst,Offline,Linkedin Job Post,2025,10L-15L,2004,Yes,Customer Segmentation for E-commerce platform ,7.2,No,,,
6/30/2024 8:51:28,386,NIT Warangal ,2,MSc,,"Nanded, Maharashtra ",431801,Applied Mathematics ,Data Analyst,Online,Friend Referred,2024,5L-10L,2000,No,Na,65,Na,,,
6/30/2024 9:07:31,387,Maharishi Arvind University,3,BCA,,Jaipur,302006,CS/IT,Not Decided Yet,Online,College TPO,2025,10L-15L,37566,Yes,No,71%,Ethical hacking,,,
6/30/2024 9:14:05,388,Computer Science,3,BCA,,jaipur,302013,CS/IT,Data Analyst,Online,College TPO,45474,5L-10L,17/04/2004,Yes,No,77.5,Introduction to data science(CISCO Networking Academy),,,
6/30/2024 9:47:37,389,Techno India University,2,Bsc,,Baidyabati,712222,Related to Data Science,Data Scientist,Online,Linkedin Job Post,2025,10L-15L,2003,Yes,previous data science,63,Na,,,
6/30/2024 9:55:20,390,Apex institute of engineering and technology jaipur,College Pass out,BTech,,Sri ganganagar,335707,Mecahical engineering ,Data Scientist,Online,Linkedin Job Post,2021,10L-15L,34493,I am not in College,"Currently working full time in METADROB jaipur as a Product Intern where i am mostly working on microsoft clarity , powerbi and looker studio for data preperation and data dashbording ",60,No i dont have any certifications in data ,,,
6/30/2024 10:19:27,391,Career Point University ,1,MCA,,Kota,324010,CS/IT,Data Analyst,Online,Friend Referred,2022,5L-10L,37453,Yes,No,84,No,,,
6/30/2024 11:01:51,392,"Maharishi Arvind Institude of Science and Management, Jaipur",College Pass out,BCA,,Jaipur ,302012,CS/IT,Data Scientist,Online,College TPO,2024,5L-10L,2004,No,Fresher ,Mca,No,,,
6/30/2024 11:29:15,393,Maharishi Arvind School of Management Studies,3,BCA,,Sadulpur,331023,CS/IT,Not Decided Yet,Online,College TPO,2024,10L-15L,2003,Yes,0,64,0,,,
6/30/2024 11:34:58,394,"Dev Sanskriti Vishwavidyalaya, Haridwar ",3,BCA,,Akbarpur,209101,CS/IT,Data Scientist,Online,College TPO,2025,10L-15L,2006,No,Not any experience ,70,No,,,
6/30/2024 12:01:30,395,MAISM,3,BCA,,Jaipur,302012,CS/IT,Data Scientist,Online,College TPO,2024,5L-10L,2003,Yes,no,80%,no,,,
6/30/2024 12:05:36,396,bca,3,BCA,,alwar,301001,CS/IT,Not Decided Yet,Online,College TPO,2024,10L-15L,19/09/2002,Yes,no,62,no,,,
6/30/2024 12:25:29,397," Birla Institute of Technology And Science, Pilani (BITS Pilani)",5,B.E. + M.Sc. (integrated),,Chhapra,841301,Chemical Engineering and Biological Sciences,Data Scientist,Online,Linkedin Job Post,2025,10L-15L,2003,No,No internships in this field. Only Academic Projects(mentioned in Resume),CGPA - 7.5,No,,Yes,
6/30/2024 12:25:32,398,IIT Jodhpur,College Pass out,BTech,,Ahmedabad,380013,Electrical Engineering,Data Analyst,Online,Linkedin Job Post,2024,>15L,2003,I am not in College,none,6.8,no,,Yes,
6/30/2024 12:25:36,399,Dayanand sagar academy of technology and management,2,BTech,,Barelliy ,234001,CS/IT,Data Scientist,Online,Friend Referred,2026,10L-15L,2004,No,No,82,No,,Yes,
6/30/2024 12:25:37,400,"Maharishi Arvind Institude of Science and Management, Jaipur",3,BCA,,Jaipur,302016,Related to Data Science,Not Decided Yet,Online,College TPO,2024,10L-15L,2002,No,No,Appearing,No,,Yes,
6/30/2024 12:25:38,401,"Dr,. D. Y. Patil College of Engineering and Technology",2,BTech,,Kolhapur,416006,Related to Data Science,Data Scientist,Online,Linkedin Job Post,2026,>15L,38111,Yes,CodSoft,86%,Yes,,Yes,
6/30/2024 12:25:40,402,"Maharishi Arvind Institude of Science and Management, Jaipur",3,BCA,,Jaipur,302039,CS/IT,Java Developer ,Online,College TPO,2024,>15L,2004,I am not in College,No,71.80%,No,,Yes,
6/30/2024 12:25:42,403,Sarvajanik college of engineering and technology ,4,BTech,,Surat ,394106,CS/IT,Data Scientist,Online,Linkedin Job Post,45809,10L-15L,2004,Yes,NIL,95,no,,Yes,
6/30/2024 12:25:44,404,Loyola academy of degree and pg college ,College Pass out,Msc,,Thorrur ,506163,Msc biotechnology ,Data Scientist,Online,Linkedin Job Post,2019,5L-10L,1998,I am not in College,Innomatics ,86,Yes,,Yes,
6/30/2024 12:25:44,405,Dayananda Sagar Academy of Technology and Management ,2,BE,,Ranchi,834002,CS/IT,Machine Learning Engineer,Offline,Linkedin Job Post,2026,10L-15L,2002,No,Unified Mentor ,GPA 8.5,"Data Fundamentals(IBM), Data Science(Synergy)",,Yes,
6/30/2024 12:25:57,406,Usha Martin University ,3,BTech,,Patna,803213,CS/IT,Data Scientist,Offline,Linkedin Job Post,2025,5L-10L,37257,Yes,No,8.7,yes,,Yes,
6/30/2024 12:25:58,407,IIT BHU,4,BTech,,Sabalgarh,476229,CERAMIC,Data Scientist,Online,DataPlay Reached out,2025,10L-15L,2003,No,NO,8.00 CGPA,No,,Yes,
6/30/2024 12:26:01,408,Arya college of engineering ,3,BTech,,jaipur,302006,CS/IT,Data Scientist,Offline,Linkedin Job Post,2025,10L-15L,2003,Yes,i-neurone ,80,n/a,,Yes,
6/30/2024 12:26:05,409,"BK BIET, Pilani ",4,BTech,,Gopeshwar ,246401,CS/IT,Data Analyst,Online,Linkedin Job Post,2025,10L-15L,2004,Yes,Tranity,7.9,YES,,Yes,
6/30/2024 12:26:09,410,"Maharishi Arvind Institude of Science and Management, Jaipur",3,BCA,,Jaipur ,303704,CS/IT,Data Scientist,Online,College TPO,2024,5L-10L,2004,Yes,No,76.2,No,,Yes,
6/30/2024 12:26:18,411,"SKIT, Jaipur",3,BTech,,"Deoria, Uttar Pradesh",274001,CS/IT,Not Decided Yet,Online,Google Search,2026,10L-15L,2005,No,no,UG,no,,Yes,
6/30/2024 12:26:21,412,"SKIT, Jaipur",1,BTech,,Jaipur ,302018,CS/IT,Data Scientist,Online,DataPlay Reached out,2027,10L-15L,38664,Yes,No,87.4,No,,Yes,
6/30/2024 12:26:25,413,Vidyalankar Institute of Technology ,College Pass out,BTech,,Mumbai,400022,Electronics,Data Scientist,Online,Linkedin Job Post,2024,10L-15L,2003,Yes,Sakura Biotech ,95,No,,Yes,
6/30/2024 12:26:50,414,Banasthali Vidyapith ,College Pass out,M.Sc.,,Hapur ,245101,Statistics ,Data Analyst,Online,Linkedin Job Post,2024,5L-10L,2001,I am not in College,no,92,nptel ,,Yes,
6/30/2024 12:26:50,415,Yes,3,BCA,,Jaipur ,302013,CS/IT,Not Decided Yet,Offline,College TPO,2025,10L-15L,38238,No,NO,8.2cgpa,NO,,Yes,
6/30/2024 12:27:08,416,"Maharishi Arvind Institude of Science and Management, Jaipur",1,MCA,,Jaipur ,302039,CS/IT,Business Analyst,Offline,DataPlay Reached out,2023,5L-10L,2001,Yes,None,82,None,,Yes,
6/30/2024 12:27:18,417,Recently completed Data science and Ai course ,College Pass out,BTech,,"Cuttack, Nischintakoili ",754209,Biotechnology ,Data Scientist,Online,Linkedin Job Post,2023,5L-10L,2002,I am not in College,No,8.25cgpa,"Yes , I have completed Data science and Ai course ",,Yes,
6/30/2024 12:27:26,418,IIT Delhi,2,M.sc(Mathematics),,Delhi,110003,Mathematics ,Data Scientist,Online,Linkedin Job Post,2023,10L-15L,2004,Yes,Afam technology ,7.4,Afam technology ,,Yes,
6/30/2024 12:27:30,419,"Maharishi arvind school management of study mansarovar, jaipur ",3,BCA,,Jaipur ,302016,CS/IT,Not Decided Yet,Online,Linkedin Job Post,Yes ,5L-10L,24-01-2005,No,Yes ,69,No,,Yes,
6/30/2024 12:27:42,420,Maharishi arvind school of management studies,3,BCA,,Deoli,304804,Related to Data Science,Not Decided Yet,Online,College TPO,2024,5L-10L,26/04/2004,Yes,0,58.2,No,,Yes,
6/30/2024 12:27:44,421,last attended,College Pass out,MBA,,Visakhapatnam,530032,Finance,Data Scientist,Online,Linkedin Job Post,2018,10L-15L,1994,I am not in College,NO,62,no,,Yes,
6/30/2024 12:27:51,422,Symbiosis international University ,2,Masters in data science ,,Ahmednagar,414006,Related to Data Science,Data Scientist,Online,Linkedin Job Post,45413,5L-10L,37257,Yes,I was intern in om sai logistics as data science intern ,72,No but I have postgraduate degree certificate in data science ,,Yes,
6/30/2024 12:28:19,423,yes,College Pass out,MCA,,Hyderabad,505330,CS/IT,Data Scientist,Online,Linkedin Job Post,2023,5L-10L,36861,I am not in College,0,7.9,No,,Yes,
6/30/2024 12:28:26,424,Kakatiya University,College Pass out,BTech,,Mancherial,504215,CS/IT,Not Decided Yet,Online,Linkedin Job Post,2024,10L-15L,2002,I am not in College,NA,NA,NA,,Yes,
6/30/2024 12:28:58,425,"Maharishi Arvind Institude of Science and Management, Jaipur",3,BCA,,Jaipur,302016,CS/IT,Data Scientist,Offline,Linkedin Job Post,2024,10L-15L,18/07/2004,Yes,NO,Under Graduation ,No,,Yes,
6/30/2024 12:29:28,426,"Maharishi Arvind Institude of Science and Management, Jaipur",College Pass out,BCA,,jaipur ,302013,CS/IT,Not Decided Yet,Online,College TPO,2024,5L-10L,2001,I am not in College,no,60,no,,Yes,
6/30/2024 12:30:05,427,IGNTU (amarkanta) ,College Pass out,MCA,,Umaria,484551,CS/IT,Data Scientist,Online,Linkedin Job Post,2022,10L-15L,37021,No,NA,7.2,No,,Yes,
6/30/2024 12:31:23,428,Madan Mohan Malaviya University of Technology,3,Bachelor of Business Administration ,,Maharajganj,273163,Related to Data Science,Business Analyst,Offline,Linkedin Job Post,2025,>15L,37814,Yes,No,86,No ,,Yes,
6/30/2024 12:34:14,429,maharishi arvind institute of engineering & technology,3,BCA,,Jaipur,302012,CS/IT,Data Analyst,Online,College TPO,2024,10L-15L,37932,Yes,no,Graduation,no,,Yes,
6/30/2024 12:41:21,430,Maharishi Arvind University,3,BCA,,Bikaner,334003,CS/IT,Not Decided Yet,Online,College TPO,2025,10L-15L,2005,Yes,No,62,No,,Yes,
6/30/2024 12:43:27,431,Maharishi arvind school of science and management ,3,BCA,,Bhadra ,335501,CS/IT,Data Analyst,Online,Friend Referred,2024,5L-10L,21-11-2002,No,No,65,No,,Yes,
6/30/2024 12:45:30,432,"COMPUCOM INSTITUTE OF INFORMATION TECHNOLOGY AND MANAGEMENT, JAIPUR. ",4,MCA,,Jaipur,302019,CS/IT,Data Scientist,Online,Linkedin Job Post,2023,10L-15L,2001,Yes,FUEL(Friends Union for Energizing Lives),BCA- 70.76,"Certification in Artificial intelligence, Aptitude and Personality Development Training",,Yes,
6/30/2024 12:47:15,433,Maharishi Arvind University,3,BCA,,JAIPUR,302012,Related to Data Science,Not Decided Yet,Online,College TPO,2025,10L-15L,2004,Yes,No experience,Not Graduated,Not yet,,Yes,
6/30/2024 12:54:13,434,"BK BIET, Pilani ",4,BTech,,Muzaffarpur ,842002,Related to Data Science,Data Analyst,Online,Linkedin Job Post,2025,10L-15L,2004,No,No ,7.9,Yes,,Yes,
6/30/2024 13:20:41,435,"BK BIET, Pilani ",College Pass out,MTech,,Bikaner,334001,Electronics ,Business Analyst,Offline,Google Search,2012,10L-15L,1991,I am not in College,COderscave,67,"Certified Data Scientist, OdinSchool ",,Yes,
6/30/2024 14:08:26,436,Payyannur college payyannur ,College Pass out,Msc physics ,,1999,670142,Physics ,Data Scientist,Online,Linkedin Job Post,2022,5L-10L,D,I am not in College,Entri software pvt Ltd ,60.07,Data Science and Machine Learning certified user Issuer: Illinois Institute of Technology,,Yes,
6/30/2024 14:54:39,437,"Maharishi Arvind Institude of Science and Management, Jaipur",3,BCA,,Jaipur ,303704,CS/IT,Data Analyst,Offline,College TPO,2024,5L-10L,2004,Yes,No,76.2,No,,Yes,
6/30/2024 14:56:51,438,Uem kolkata,4,BTech,,Krishnagar,741101,CS/IT,Data Scientist,Online,Linkedin Job Post,2025,10L-15L,2000,Yes,N/A,8.68 upto 6th sem,IBM- DATA SCIENCE AND IBM DATA ANYTICS - COURSERA,,No,
6/30/2024 15:00:26,439,ANURAG ,College Pass out,BTech,,Kodad ,508206,Ece,Data Scientist,Online,Linkedin Job Post,2023,5L-10L,17 /09/2001,I am not in College,Cognifyz ,6.7,. ,,No,
6/30/2024 15:09:20,440,ICFAI UNVERSITY ,4,BTech,,Hyd,500008,Related to Data Science,Data Analyst,Online,Linkedin Job Post,2025,>15L,2003,Yes,No experience ,Btech,No ,,No,
6/30/2024 15:22:02,441,Maharishi Arvind University,3,BCA,,Jaipur ,302012,CS/IT,Not Decided Yet,Offline,College TPO,2025,10L-15L,18/03/2005,No,No,7.5 CGPA,No,,No,
6/30/2024 15:23:05,442,UIET KUK ,College Pass out,BTech,,Ballabgarh ,121004,Electronics and communication engineering ,Data Analyst,Online,Linkedin Job Post,2015,5L-10L,34608,I am not in College,Medtoureasy ,64.4,Full Stack Developer Program from Almabetter ,,No,
6/30/2024 15:39:53,443,Maharaja agrasen university ,4,BTech,Yes,Meham,124112,CS/IT,Data Scientist,Online,Linkedin Job Post,2025,10L-15L,2006,Yes,No,88,I have done data science course with PWskills,,Yes,
6/30/2024 15:43:11,444,Vivekananda Institute of Professional Studies-Technical Campus ,3,BTech,,Delhi,110094,Related to Data Science,Data Analyst,Online,Linkedin Job Post,2026,10L-15L,2004,Yes,No,72.4,No ,,Yes,
6/30/2024 16:20:57,445,Maharishi Arvind University,3,BCA,,Jaipur,302006,CS/IT,Web development,Offline,College TPO,2023,10L-15L,2004,Yes,No,70%,No,,No,
6/30/2024 16:35:26,446,"Maharishi Arvind Institude of Science and Management, Jaipur",2,MCA,,jaipur,302012,CS/IT,Data Analyst,Online,College TPO,2023,5L-10L,37842,Yes,no experience,71%,no ,,Yes,
6/30/2024 17:22:15,447,IIIT Bhagalpur,College Pass out,MTech,,Vadodara,390023,Related to Data Science,Data Scientist,Online,Linkedin Job Post,2023,5L-10L,1996,I am not in College,Feynn Labs,9.19,NA,,No,
6/30/2024 18:00:33,448,Priyadarshini College of Engineering Nagpur,4,BTech,,Nagpur,440024,ME,Data Scientist,Offline,Linkedin Job Post,2023,10L-15L,2001,I am not in College,NA,6.29,Mastering in Data Science-ML & AI Training,,No,
6/30/2024 19:00:11,449,Bennett University ,College Pass out,BTech,,Mumbai,400067,CS/IT,Not Decided Yet,Online,Linkedin Job Post,2023,>15L,2001,I am not in College,NA,90,NA,,No,
6/30/2024 19:05:26,450,Lovely Professional University ,College Pass out,BTech,,Silchar ,788001,Biomedical engineering ,Data Scientist,Online,Linkedin Job Post,2024,10L-15L,2001,I am not in College,Worked as Research Analyst intern at HUGENX,86.8,NA,,No,
6/30/2024 19:06:38,451,"SKIT, Jaipur",2,BTech,,Jaipur,302012,CS/IT,Data Scientist,Offline,Friend Referred,2026,10L-15L,2003,Yes,No,9.2 cgpa,No,,Yes,
6/30/2024 19:06:49,452,Anand International College of Engineering Jaipur ,1,BTech,,Jaipur Rajasthan ,302018,CS/IT,Data Scientist,Online,Linkedin Job Post,2027,>15L,2005,Yes,Datascience Codsoft ,8.1 SGPA Sem 1,Yes,,Yes,
6/30/2024 19:09:22,453,"Dev Sanskriti Vishwavidyalaya, Haridwar ",College Pass out,BCA,,Pratapgarh Uttarpradesh ,230136,CS/IT,"Python ,Java Full stack development ",Online,Google Search,45444,5L-10L,0807/2002,Personal Experience ,Fresher ,BCA,No,,No,
6/30/2024 19:12:28,454,Dr. B. C. Roy Engineering College,3,BTech,,Durgapur,713206,Related to Data Science,Data Scientist,Online,DataPlay Reached out,2026,5L-10L,38628,Yes,"Machine learning intern @Mentorness  [I worked here as a machine learning intern, where I learned the concepts of machine learning, Computer Vision, data science, python etc]",72.11%,Not now but I am working for it,,No,
6/30/2024 19:14:35,455,Potti Sri Ramulu Chalavadi Mallikarjuna Rao College of Engineering and Technology ,College Pass out,BTech,,Vijayawada,520012,CS/IT,Data Scientist,Online,Linkedin Job Post,45444,10L-15L,2002,I am not in College,Indian Servers - machine learning intern,7.65,No,,Yes,
6/30/2024 19:24:26,456,Sstc,College Pass out,BTech,,Bilaspur,495004,CS/IT,Data Analyst,Online,Linkedin Job Post,2024 july,5L-10L,2002,I am not in College,No,80,No,,Yes,
6/30/2024 19:31:17,457,Dayanand Brajendra Swaroop College ,College Pass out,B.sc,,Kanpur ,208011,Mathematics and computer applications ,Data Analyst,Online,Linkedin Job Post,2024,5L-10L,30-01-2003,No,NA,69%,"1.Python professional development , Bussiness  analytics with excel ,  python  fundamentals and mathematics  for Machine  learning .   ",,Yes,
6/30/2024 20:22:39,458,GNIOT MBA INSTITUTE ,1,Mba,,Rohtak,124001,Related to Data Science,Business Analyst,Offline,DataPlay Reached out,2025,5L-10L,36620,Yes,No,7.04,IBM,,No,
6/30/2024 20:33:38,459,Poornima College of Engineering ,3,BTech,Yes,Jaipur ,302021,CS/IT,Not Decided Yet,Offline,College TPO,2026,5L-10L,2005,Yes,No,60%,No,,Yes,
6/30/2024 21:00:14,460,"Maism, Jaipur ",College Pass out,BCA,,Jaipur ,302039,CS/IT,Data Analyst,Offline,Linkedin Job Post,In 2024,5L-10L,37714,Yes,No,60%,No,,Yes,
7/1/2024 8:21:22,461,"Rajiv Gandhi Institute of Technology, Mumbai",College Pass out,BTech,,Amravati,444607,CS/IT,Data Scientist,Online,Linkedin Job Post,2023,10L-15L,18/10/1998,I am not in College,No,7.2 gpa,On going course from geeks for geeks,,No,
7/1/2024 14:14:45,462,Poornima College of Engineering ,3,BTech,Yes,Shiwar,322704,Related to Data Science,Data Scientist,Offline,Friend Referred,2025,5L-10L,30/09/2004,Yes,no,80%,yes,,Yes,
7/1/2024 15:04:36,463,Poornima College of Engineering ,3,BTech,Yes,Ajmer,305001,Related to Data Science,Data Scientist,Online,Linkedin Job Post,2025,>15L,38061,Yes,Learn and Build ,80,No,,Yes,
7/1/2024 16:25:38,464,Poornima College of Engineering ,3,BTech,Yes,Jaipur,302021,Related to Data Science,Data Scientist,Offline,Friend Referred,2025,5L-10L,2003,Yes,Yes,89,Yes,,Yes,
7/1/2024 17:25:20,465,"Poornima institute for engineering and technology, jaipur",3,BTech,Yes,Jaipur,302034,Related to Data Science,Data Scientist,Offline,Friend Referred,2025,5L-10L,2003,Yes,Yes,7.94,Yes,,No,
7/1/2024 17:49:52,466,GL BAJAJ INSTITUTE OF TECHNOLOGY AND MANAGEMENT ,2,MCA,,Siddharth Nagar ,272153,CS/IT,Data Scientist,Offline,Linkedin Job Post,2024,5L-10L,2000,No,NA,70,NA,,No,
7/1/2024 20:49:45,467,Swami Keshvanand Institute of Technology Management & Gramothan ,3,BTech,,Jaipur,302004,CS/IT,Data Scientist,Offline,Linkedin Job Post,2025,5L-10L,2003,Yes,IBM Edunet Foundation,97.6,Yes,,No,
7/1/2024 20:50:22,468,JECRC Foundation,2,BTech,,Jaipur ,302033,Related to Data Science,Data Scientist,Online,Linkedin Job Post,2026,10L-15L,2002,Yes,Afame technology ,83.3,yes,,Yes,
7/1/2024 20:51:46,469,"Maharajas College, Ernakulam",College Pass out,MSC. Statistics,,Ernakulam,682010,Statistics,Data Scientist,Online,Linkedin Job Post,2024,10L-15L,2000,I am not in College,No,Result awaiting,No,,Yes,
7/1/2024 20:52:06,470,Echelon institute of technology ,3,BCA,,FARIDABAD,121003,Related to Data Science,Data Analyst,Offline,Linkedin Job Post,2025,>15L,2004,Yes,No,Final year,Yes tableau and big data data analysis ,,No,
7/1/2024 20:54:48,471,G.H. Raisoni institute of engineering and business management ,College Pass out,BTech,,Jalgoan ,425001,Related to Data Science,Data Scientist,Online,Linkedin Job Post,2024,5L-10L,2001,I am not in College,Maxgen Technology pvt ltd,7.7cgpa,No,,No,
7/1/2024 20:56:09,472,Tolani college of commerce ,College Pass out,MBA,,"Pali, Rajsthan, India",306401,Commerce ,Data Analyst,Online,Linkedin Job Post,2009,5L-10L,1988,No,NA,78,NA,,No,
7/1/2024 20:56:17,473,MCA ,2,MCA,,Jaipur ,302012,CS/IT,Data Scientist,Online,DataPlay Reached out,2023,5L-10L,26:02:2003,Yes,No,65,No,,Yes,
7/1/2024 21:00:29,474,"RCEW, Jaipur",3,BTech,,Jaipur ,302021,CS/IT,Not Decided Yet,Offline,Friend Referred,2025,>15L,2004,No,No,9.6,No,,No,
7/1/2024 21:01:44,475,DR APJ ABDUL KALAM TECHNICAL UNIVERSITY LUCKNOW ,3,BTech,,Agra,282007,CS/IT,Data Analyst,Online,Friend Referred,2025,5L-10L,37779,Yes,NA,72,"Yes, I am doing Google Data analytics Professional certification course and following codebasics.",,No,
7/1/2024 21:01:50,476,Yeshwantrao Chavan college of engineering Nagpur ,3,BTech,,Nagpur ,440025,Related to Data Science,Data Scientist,Online,Linkedin Job Post,2026,5L-10L,2003,Yes,Data science intern at Oasis Infobyte ,98.5,Google Data Analytics professional certificate ,,No,
7/1/2024 21:03:22,477,Maharishi arvind institute of science and management ,3,BCA,,Jaipur ,302012,CS/IT,Data Analyst,Online,College TPO,2024,5L-10L,18-09-2004,No,No ,75% approx,No,,Yes,
7/1/2024 21:05:44,478,Cochin University of arts and science (CUSAT),2,MTech,,Ernakulam,683556,Related to Data Science,Data Scientist,Online,Linkedin Job Post,2025,10L-15L,1999,Yes,Nil,80%,Yes,,No,
7/1/2024 21:08:53,479,COER University ,2,MCA,,Haridwar ,249407,CS/IT,Data Analyst,Online,Linkedin Job Post,2019,10L-15L,31/7/1997,Yes,No,96,No,,Yes,
7/1/2024 21:11:45,480,IFET COLLEGE OF ENGINEERING ,1,BTech,,Thanjavur ,614612,Related to Data Science,Business Analyst,Online,Linkedin Job Post,2022,>15L,2004,Yes,No,90,Yes,,No,
7/1/2024 21:45:28,481,Maharishi arvind University Jaipur ,3,BCA,,Jaipur,302012,Related to Data Science,Not Decided Yet,Online,College TPO,2025,>15L,2004,No,I am fresher ,76.5,No,,No,
7/1/2024 21:46:38,482,2022-2025,2,BCA,,Kosi,281403,Related to Data Science,Data Analyst,Online,College TPO,2023,>15L,2004,Yes,No,7.32%,No,,No,
7/1/2024 21:53:11,483,gayatri vidhya parishad college of engineering ,4,BTech,,visakhapatnam ,530022,Related to Data Science,Data Analyst,Online,Linkedin Job Post,2025,5L-10L,2004,No,no,9.18 cgpa / 91.8%,no,,No,
7/1/2024 22:08:35,484,Maharishi arvind University of science and management ,1,MCA,,Jaipur ,302019,CS/IT,Developer ,Offline,Friend Referred,2025,5L-10L,2002,Yes,Fresher ,70,Fresher ,,No,
7/1/2024 22:16:41,485,Sri krishna College of Technology,3,BTech,,Thoothukudi,628601,CS/IT,Data Scientist,Online,Linkedin Job Post,2026,5L-10L,2005,Yes,na,8.1,no,,No,
7/2/2024 1:54:24,486,Birla Institute of Technology Mesra,3,BTech,Yes,Jaipur,302017,ECE,Data Scientist,Online,Friend Referred,2025,>15L,2001,Yes,No,73,No,,No,
7/2/2024 8:47:42,487, Maharishi Arvind University,3,BCA,,Jaipur,302013,CS/IT,Not Decided Yet,Online,College TPO,2025,10L-15L,2000,Yes,No,65,Ethical hacking,,Yes,
7/2/2024 17:28:08,488,VIT Bhopal,4,BTech,,Memari,713146,CS/IT,Data Scientist,Online,Linkedin Job Post,45505,10L-15L,2002,No,AI/ML Intern (Fundamento) Dec 2023- June 2023,7.78,N/A,,No,
7/2/2024 18:23:37,489,MCA(2nd Sem),1,MCA,,Jaipur,302013,CS/IT,Software engineer,Online,College TPO,2023,>15L,26-09-2002,Yes,This is going to be my first internship,BCA - 73.10 %,No,,No,
7/2/2024 18:41:33,490,Utkal University Bhubaneswar,College Pass out,MCA,,Rourkela,770032,CS/IT,Data Analyst,Online,Linkedin Job Post,2024,10L-15L,22/11/2001,I am not in College,Null,8.5,"Yes, In data science",,Yes,
7/2/2024 18:41:41,491,Guru Tegh Bahadur Institute of Technology ,3,BTech,,Roorkee ,247666,Related to Data Science,Data Scientist,Online,Linkedin Job Post,2025,5L-10L,2002,Yes,NA,87.8,NA,,Yes,
7/2/2024 18:41:43,492,Parul University ,College Pass out,BTech,,Banswara,327023,CS/IT,Data Scientist,Online,Linkedin Job Post,2024,5L-10L,2003,I am not in College,Brainy Beam technologies Pvt Ltd ,8.3,No,,Yes,
7/2/2024 18:41:44,493,2021,College Pass out,Msc,,Khetri Jhunjhunu Rajasthan ,333503,Msc,Data Scientist,Offline,Linkedin Job Post,2021,5L-10L,36377,No,NA,65.45,Yes,,Yes,
7/2/2024 18:41:45,494,MBM University Jodhpur Raj.,4,BTech,,"Bari, Dholpur Rajasthan",328021,CS/IT,Data Analyst,Offline,College TPO,2025,10L-15L,2003,Yes,No. Just want to explore this field.,88.9,Yes. I've done a course on Coursera.,,Yes,
7/2/2024 18:41:47,495,swami vivekanand subharti university,2,MBA,,Delhi,110059,CS/IT,Data Analyst,Online,Linkedin Job Post,2021,5L-10L,25/07/1999,Yes,AFAME TECHNOLOGIES (Bangalore),70,Yes,,Yes,
7/2/2024 18:41:47,496,Miranda House,College Pass out,Bsc,,Ambala,134003,Physics ,Data Scientist,Online,Linkedin Job Post,45444,5L-10L,2004,No,Acmegrade Data Science internship. Oasis infobyte data science intern,8,Acmegrade Data Science ,,Yes,
7/2/2024 18:41:48,497,G.L. BAJAJ INSTITUTE OF TECHNOLOGY AND MANAGEMENT ,3,BTech,,Prayagraj ,211016,Related to Data Science,Data Scientist,Online,DataPlay Reached out,2021,>15L,2003,Yes,"Celebal technologies, prodigy Infotech, Bharat intern,YBI FOUNDATION,PSYLIQ,MERISKILL",70.3,No,,Yes,
7/2/2024 18:41:49,498,Navrachana University,College Pass out,BTech,,Vadodara,390019,CS/IT,Data Scientist,Online,Linkedin Job Post,"June, 2024",5L-10L,2002,I am not in College,I have done four month internship from Unifies Mentor Provate Limited. My role was data science intern. It was overall great experience to apply my theoritical knowledge in practical way. I jabe developed 4 projects related to data science and data analytics.,75.05,NVIDIA DLI CERTIFICATE(JETSON AI SPECIALIST),,Yes,
7/2/2024 18:41:57,499,Kalinga institute of industrial technology ,4,BTech,,Hyderabad ,501505,CS/IT,Data Scientist,Offline,Linkedin Job Post,2025,10L-15L,38085,Yes,N/A,89.2,N/And ,,Yes,
7/2/2024 18:41:58,500,Amity University Chhattisgarh,3,BCA,,Raipur,492001,CS/IT,Data Analyst,Offline,Linkedin Job Post,2025,10L-15L,2004,Yes,NA,74.2,NA,,Yes,
7/2/2024 18:42:08,501,Prestige institute of management research gwalior ,2,MBA ,,Gwalior ,474020,Related to Data Science,Data Analyst,Offline,Friend Referred,2023,5L-10L,2002,Yes,NA,65.6,NA,,Yes,
7/2/2024 18:42:10,502,University of Delhi Ramanujan college,College Pass out,B.voc software development,,Palwal Haryana,121102,CS/IT,Data Scientist,Online,Linkedin Job Post,2024,5L-10L,2003,No,I have interned at companies like Learning Buds and PRASUNET where I gained good experience,8.21,Data science Master by physics wallah,,Yes,
7/2/2024 18:42:11,503,"Maharishi Arvind Institute of Science and Management, Jaipur",3,BCA,,Kapasan,312202,CS/IT,Not Decided Yet,Offline,College TPO,2021-2024,5L-10L,38203,No,Not Applicable,Result Awaited,No,,Yes,
7/2/2024 18:42:19,504,Amity University,College Pass out,M.Sc.,,New Delhi,110015,Bioinformatics,Data Scientist,Online,Linkedin Job Post,2024,>15L,2001,I am not in College,No,89,No,,Yes,
7/2/2024 18:42:50,505,Poornima College of Engineering ,3,BTech,Yes,Jaipur ,302020,CS/IT,Not Decided Yet,Offline,Friend Referred,2026,10L-15L,2004,Yes,No,12th -69% ,No,,Yes,
7/2/2024 18:42:57,506,MAHARISHI ARVIND INSTITUTE OF SCIENCE AND MANAGEMENT,College Pass out,BCA,,JAIPUR,302016,Related to Data Science,Data Scientist,Online,College TPO,2024,5L-10L,2004,Yes,fresher,62%,"Yes, Python language Certification ",,Yes,
7/2/2024 18:43:08,507,BSC. IT,3,BSC. IT,,Mumbai,400066,CS/IT,Data Scientist,Offline,Linkedin Job Post,2025,5L-10L,13/12/2003,Yes,None,None,yes,,Yes,
7/2/2024 18:43:58,508,IICMR Nigdi Pune ,College Pass out,MCA,,Nashik,422009,CS/IT,Not Decided Yet,Online,Linkedin Job Post,2024,10L-15L,2001,I am not in College,NA,78.93,Data Science for Engineers - NPTEL,,Yes,
7/2/2024 18:54:01,509,Indus University ,3,BTech,,Ahmedabad ,382470,CS/IT,Data Analyst,Offline,Linkedin Job Post,2025,5L-10L,2003,Yes,It was great . Gain knowledge from given projects and task and learned new things from them.,8.76,great learning powrbi data analytics course,,Yes,
7/2/2024 18:54:41,510,Indian Institute of Information Technology Kottaym,College Pass out,BTech,,Dhule,424001,CS/IT,Data Scientist,Online,Linkedin Job Post,2024,5L-10L,2002,I am not in College,NA,7.25,NA,,Yes,
7/2/2024 18:55:38,511,Mehershi Arvind Institute of science and management ,3,BCA,,Jaipur ,302039,CS/IT,Not Decided Yet,Online,College TPO,2024,5L-10L,2002,No,Not done any,65,Null,,Yes,
7/2/2024 19:04:09,512,MCA ,1,MCA,,Jaipur,302012,MCA ,Data Scientist,Offline,College TPO,2020-2023,10L-15L,2003,Yes,No,61.55℅,No,,Yes,
7/2/2024 19:11:55,513,2022,College Pass out,BTech,,Makrana,341505,Electronics and Communication Engineering ,Data Analyst,Online,Linkedin Job Post,2022,5L-10L,2002,I am not in College,Trainity Data Analyst ,8,Trainity ,,Yes,
7/2/2024 20:53:55,514,RB Institue of Computer Studies,College Pass out,MCA,Yes,Ahmedabad ,382345,CS/IT,Data Analyst,Online,DataPlay Reached out,2023,5L-10L,2000,No,None,8.70 CGPA,"Yes I have , I have successfully completed analytics studies course from great learning",,Yes,
7/2/2024 22:38:45,515,"R.C.S.C ,Kolhapur ",College Pass out,M.Sc statistics ,Yes,Pattankodoli ,416202,M.sc statistics ,Data Analyst,Online,Friend Referred,2024,5L-10L,2000,No,None,68%,No,,Yes,
7/3/2024 10:12:57,516,Loyola-ICAM College of Engineering and Technology,3,BE,,Chennai,600034,CS/IT,Data Scientist,Online,Linkedin Job Post,2025,>15L,2003,Yes,no previous experience in data science internship,80,No,,Yes,
7/3/2024 12:18:44,517,Ddu university gorakhpur ,College Pass out,Bcom,Yes,Jaipur sodala,302019,Related to Data Science,Data Analyst,Offline,Google Search,Yes,>15L,14/11/2001,Yes,Odin school ,59,Yes,,Yes,
7/3/2024 14:16:17,518,Sterling institute of management,1,MCA,,Manmad,423104,CS/IT,Data Analyst,Offline,Linkedin Job Post,2023,10L-15L,29/05/2002,No,Na,Bachelors in computer sciences ,NA,,Yes,
7/3/2024 14:40:04,519,Vellore institute of technology ,2,MCA,Yes,Rajakhera ,328025,CS/IT,Data Scientist,Offline,Friend Referred,2021,10L-15L,2002,Yes,NA,7.47,NA,,No,
7/3/2024 21:45:16,520,IIIT DHARWAD ,3,BTech,Yes,Jaipur,302012,CS/IT,Intrested to learn,Offline,College TPO,2026,>15L,2002,It is optional,No,6.15,No,,Yes,
7/4/2024 19:36:44,521,MBMU,College Pass out,BTech,Yes,Jodhpur,342001,EEE,Data Analyst,Online,Friend Referred,2023,5L-10L,1999,I am not in College,Na,70%,Na,,Yes,
7/4/2024 19:37:10,522,Career point University ,3,BCA,Yes,Kota Rajasthan ,324001,CS/IT,Not Decided Yet,Online,College TPO,2025,5L-10L,2004,Yes,fresher,62% (1st Year),no,,Yes,
7/4/2024 19:37:22,523,M.B.M University,2,BE,Yes,Jaipur,302019,CS/IT,Data Scientist,Offline,Linkedin Job Post,2026,>15L,2002,Yes,no,64,no,,Yes,
7/4/2024 19:37:29,524,Siksha o anusandhan ,4,BTech,,Bhadrak,756181,CS/IT,Data Scientist,Online,Linkedin,2025,10L-15L,2003,Yes,Aiml intern at cttc,6.84,No,,Yes,
7/4/2024 19:37:31,525,Mharishi Arvind Institute of Science and technology ,3,BCA,Yes,Jaipur ,302012,CS/IT,Data Scientist,Online,DataPlay Reached out,2025,>15L,27/10/2003,No,no,BCA,no,,Yes,
7/4/2024 19:37:53,526,RAJARSHI SHAHU COLLEGE KOLHAPUR,2,M.Sc,Yes,Kavthe Mahankal ,416411,Related to Data Science,Data Analyst,Online,Linkedin Job Post,2022,5L-10L,37089,I am not in College,Na,67,No,,Yes,
7/4/2024 19:37:55,527,Poornima College of Engineering ,2,BTech,Yes,"Mansarovar, Jaipur",302020,CS/IT,Data Scientist,Online,College TPO,2026,5L-10L,37873,Yes,no,B. tech,no,,No,
7/4/2024 19:39:00,528,United College of Engineering and Research Prayagraj ,3,BTech,Yes,Prayagraj ,211006,CS/IT,Data Scientist,Online,Linkedin Job Post,4,5L-10L,2002,No,NA,70%,NA,,Yes,
7/4/2024 19:39:47,529,MBM UNIVERSITY,2,B.E,Yes,Gangapur City,322201,CS/IT,Not Decided Yet,Online,Friend Referred,2026,10L-15L,22-12-2004,Yes,Non experienceble ,Not yet,"No, i don't have any certification in data science and analystics",,Yes,
7/4/2024 19:41:52,530,Poornima College Of Engineering ,2,BTech,Yes,Agra,283204,CS/IT,Data Scientist,Online,Friend Referred,2026,>15L,2003,Yes,No,8.3,No,,No,
7/4/2024 19:44:51,531,Manipal University Jaipur ,4,BTech,Yes,U.P,251001,CS/IT,Data Scientist,Online,Linkedin Job Post,2025,10L-15L,13/02/2003,Yes,HYPEDIN,87,NO,,Yes,
7/4/2024 19:46:48,532,Manipal University Jaipur ,4,BTech,Yes,Delhi,110085,CS/IT,Data Scientist,Online,Linkedin Job Post,2025,10L-15L,2004,Yes,NA,79,Pursuing BS in Data Science and Applications from IIT Madras,,Yes,
7/4/2024 19:51:06,533,Sri Sathya Sai Institute of higher learning,1,PhD,Yes,Jaipur,302021,Related to Data Science,Data Scientist,Offline,Linkedin Job Post,2023,5L-10L,36275,Yes,no Internship experience for data science ,7.5,"Yes,Data Visualization, University of Illinois at Urbana-Champaign, April 2022,Build a Data Science Web App with Streamlit and Python, Coursera Project Network, October 2021 • SQL for Data Science, University of California, Davis, January 2022",,Yes,
7/4/2024 19:51:21,534,Nit rourkela,College Pass out,Integrated MSc,Yes,Bhubaneswar,751030,Mathematics,Not Decided Yet,Online,Linkedin Job Post,2023,10L-15L,45504,I am not in College,Data Analyst at Ford Motor Co.,6.34,None,,Yes,
7/4/2024 20:07:34,535,IIIT Bangalore,1,Executive PG (current),Yes,Kolkata,700118,Related to Data Science,Data Analyst,Online,Linkedin Job Post,2024,5L-10L,1993,No,"1 good , others not good",.,currently pursuing ( EPGP in DS from IIITB),,Yes,
7/6/2024 8:56:07,536,SKIT jaipur,4,BTech,Yes,Jaipur,302004,Related to Data Science,Not Decided Yet,Offline,College TPO,2025,5L-10L,2004,Yes,None,7.5,No,,No,
7/8/2024 10:05:43,537,Amity University,College Pass out,BTech,Yes,Raigarh Chhattisgarh ,496001,Biotechnology ,Data Scientist,Online,Friend Referred,2022,10L-15L,2000,I am not in College,No,8.4 cgpa,"Yes Google data analytics course, Python for Everyone, ",,Yes,
7/12/2024 11:34:47,538,Poornima college of engineering,2,BTech,,Singhana,333516,CS/IT,Data Analyst,Online,Friend Referred,2026,10L-15L,16-03-2005,Yes,NA,8.3,NA,,No,
7/13/2024 18:15:21,539,Poornima College Of Engineering ,3,BTech,Yes,Bhawani Mandi ,326502,CS/IT,Not Decided Yet,Online,Friend Referred,2026,>15L,2004,Yes,No,7,No,,No,
7/15/2024 18:22:10,540,Anand international college of engineering ,2,BTech,Yes,Jaipur,302012,CS/IT,Data Scientist,Offline,Friend Referred,2026,10L-15L,16/02/2002,Yes,No,70%,No,,No,
7/15/2024 19:09:10,541,Poornima college of engineering ,2,BTech,Yes,Tonk ,304001,CS/IT,Data Scientist,Online,Friend Referred,12th pass in 2022,10L-15L,2005,Yes,No,8.5 cgpa,No,,No,
7/18/2024 20:02:02,542,M.sc. in Computer Science (University of Kalyani),College Pass out,M.sc,Yes,"Simurali, Tematha, Nadia",741248,M.sc. in Computer Science,Data Analyst,Online,Previous student,45474,5L-10L,37292,I am not in College,DATAPLAY,82.52,Data Science Internship at dataPlay,,No,
,543,Rajasthan Technical University Kota ,2,BTech,Yes,,,,,,,,,,,,,,,,
,544,"MBM University, Jodhpur ",College Pass out,,Yes,,,,,,,,,,,,,,,,
,545,Poornima College of Engineering ,,,Yes,,,,,,College TPO,,,,,,,,,,
,546,Poornima College of Engineering ,,,Yes,,,,,,,,,,,,,,,,
,547,Poornima Institue of Technology,3,,Yes,,,,,,,,,,,,,,,,